subject_id,incentive_condition
FA8OvPwYfBWCM6C6ROGv,5_10_15
hgHAiY89xQA0EOPof2AH,5_5_20
i8Omv5ng1pgjhYSuJxQk,5_5_20
iuzksaAl7aeR1oSIYQ0t,15_5_15
r4qNysPnR4M81e9YnX3c,5_10_15
imxdJ2Yit5uDFRdxbTzA,5_10_15
HIXirBH1VmDYG2LJM00q,15_5_15
mW12mcCvJvTrSTWLYGfP,15_5_15
3ldXGpLM5xSgTntmyhjK,5_10_15
i7tXFpSRGtKMAse1e8Ho,15_5_15
HNOz9hc9LYQrYm4Qboy1,5_10_15
3JKW5zSXGkFMU7hy3Uim,5_5_20
DlgqDFDTBhm3azaOtREy,15_5_15
P3If8blcD6Emr7oH81pi,5_5_20
WQ5TLsN6AEzG08dUuaai,5_5_20
zUoYMIAkRhhPousQANuT,15_5_15
nM6m8SlLUk4HLoIteGDY,5_10_15
rjnyZKpQLvnf7DCvDstX,5_5_20
8mwyokdr12PKDZFUp0oI,15_5_15
5sGgiEeaWXdIqrSQzgLF,5_5_20
3gcw66z4RGEahyQVR1wS,5_10_15
81DbN7euP5SvEjIslLf2,5_10_15
PGcl1e8m5kaxuCUoFmyg,5_5_20
44J2DAUmP4oa33eVMXbo,15_5_15
hRGa6FaIRK7j9S0HeI7X,5_10_15
9a6rmA3HTTfVyRjdMjHp,5_5_20
Z461K2AhYjH0dLK3poZS,15_5_15
B4xA73Nldb5hoCj3RnM2,15_5_15
gdcaQlSlTYPXtURldtrQ,15_5_15
V5Tx1jP6c8trEn2lrAlC,15_5_15
hqp2nsvojwr8iuELG6MC,15_5_15
NQPS0aQApEiZG26aqv6a,5_10_15
YfEGjNjiKeyitcSdFtsk,5_10_15
14v5ozkNiEFvMQrGcFef,5_5_20
G70NDfvVTsAVQheihRzE,5_5_20
f81zXUoD7CvdNqUSI1fT,5_5_20
eupIsJaT0DGhPRxYpQ8L,15_5_15
ugmetYJPKn2PqPEAlqOj,5_5_20
2o6tSgw09wEiH2UVjsUa,15_5_15
KWKFW3aFOM3D8GiRagyj,5_5_20
IpVEycSzzPWwL6RWWju0,5_10_15
mXwsYfnMYmVkBLgOeXxH,5_10_15
ljDaHvoGAgx76hIYhCor,5_10_15
4G3bH2IHyVIK4atUuWIK,5_10_15
Geb5rWaHWEd3uwguNWcs,5_10_15
NxSM8j8zHJPoJjfz8Noq,5_10_15
aZs8wpnT6CHJ3p34tnMW,5_10_15
WAPJCdBSeV9FUorwJeGA,15_5_15
4kOOnie1YhrqZIbs28zo,5_10_15
LW30bhp6JsPJf35dZTxf,5_5_20
EQcUnvd175FsA5QJLyOC,5_5_20
kWQWRj6ohfhOFyzKBIXh,5_10_15
J3YL503hXEmtAPWGnxnm,5_10_15
SMK8iaeG6GeikqKFeAv1,15_5_15
umthPijt9cdE4VLD81bJ,5_10_15
cHUwdJYSYjF7TgAvmOz7,5_5_20
9RURS9QDBxOxAXzKslIr,15_5_15
IYKbdVH3zHeJj7IgBVaL,5_10_15
VTwjljLHMeFJ4wBBGr3t,5_10_15
Qzfwvjt84nTzY5Y6FjmD,5_5_20
pb405xfSmXTuwatIw1yn,5_10_15
2kXHVLEOjzWidnSYk5Pf,5_10_15
cESXJVyUmp2icdHWBiGc,15_5_15
zmmkaj9OkK5HIBg8YnTR,5_5_20
BPlxMldvQI0yorUhVfBz,5_10_15
shked6eL049hKEaBmQHp,5_10_15
1yw5xz3F8agvG6A44c8c,5_5_20
WzI6ioTBteMGm9qgRUpV,5_10_15
eKfdPzOOh91TaRYeDnXJ,5_5_20
i3xWg1XVprFKeJkIGyDu,15_5_15
RnQEyUa56RLEAXytUDqr,5_10_15
sdP0xt7UwYVx6QCBUGb9,5_10_15
0m8Mvtx03NTVAaAm2cLu,15_5_15
GY6SDF2bu3vayneZIZA7,5_5_20
L3zT8iY3c9deEEGpnfdn,5_5_20
hch6AFhLf1xzOJuMRC3N,15_5_15
RCrV2gWfwSk9uuU4HuPj,15_5_15
anjHfZoe4UgUXeUG4cRG,5_10_15
zTt0PnVmwCWZJhox1xvC,5_10_15
bmGsIJF6hfx1U1Vwcw5l,5_10_15
NTF49rYDA4NRQvxvBBy2,5_10_15
dDvRkUhQwoslFqFURJF9,15_5_15
RfbBaOcYhNZIheZ2Acqy,5_5_20
B4SJRdeMnvSZVO8gkm52,5_5_20
lqho7BLGoZS5OORpai7P,15_5_15
e5ThhbjuowMl8yVZonYB,5_5_20
opB973UodDii9lMCxIOx,5_5_20
BVQXcbkvoojsH8ohSYhQ,5_5_20
lqmhT3DMOKizWcQjR7UB,15_5_15
qd4Tq2EQ5O1jdvZSgDhd,5_10_15
xbPQAQQy3KmYXujyV081,15_5_15
T3DQQ2tQSAT8ru1GmMRG,5_10_15
xeucm00Q0USUOiZfCPWm,15_5_15
ZaiPI6KxZbJXurbQHgZw,15_5_15
fqW72q81GSezW9MEdWpP,15_5_15
LX9pBE6TSNTDb4eAtNUA,5_5_20
iduhFd2bRDiLb4rOt1kE,5_10_15
k8F6zlB2P8u9iRMDuRnX,5_10_15
KfKgT4e1rIjUHqtQszhH,5_5_20
OP1PXJ72nmf4TipeDUAb,5_5_20
vLIkcysKNk8g198E3adq,15_5_15
aRuVj08pGlSs7XhXvV1v,5_10_15
4biKYGYA4rYxXVn5Gu4Y,5_10_15
ouFOczNlAHcaxVL6djzH,5_5_20
g1JcNpdnT9oM4l8QeLgq,15_5_15
ZqCXnO7iF8XSvdvJkduw,5_5_20
ZazO4pBxhyRgvmniXpL0,5_10_15
6RaLQ2xZ082ceHJn0zSE,5_10_15
FnnnEkhMJyXP5RfgcMhG,15_5_15
OdlRGXwUub5lMuQb97e9,15_5_15
h17Cxfp7nZAh7AH24kxM,5_10_15
CxGy3HNBft3NoDYlyyk6,15_5_15
eOhVemAeENOMaOitnTp1,15_5_15
CMtMThAxd6T3GsT3xQtf,5_5_20
Zi8AdIWAZjgoDBqchpSx,5_5_20
Eoj9h0idq4K3N1x7e2b2,5_5_20
ArJe1KvmkJTNycVXUr9z,5_5_20
hOh8xx8AaUnnhlvjxQ3I,5_10_15
S212lGrFbeNNaltKejk4,5_10_15
1TBQb6uvd7oFOYh3DIn1,5_10_15
MCgC36f8VkjRXQh65Pcc,15_5_15
y78BOQcjNLdT5hBj7nwc,5_10_15
FF5qpQ0e7LAywe75ms9a,15_5_15
gikzvP6ZbEZVnubjwhn0,5_10_15
oZyvWrpcyk8uWt5rwI2J,15_5_15
ao1KwgCA9E0ZMxxBHxdX,15_5_15
xrgPyBzRkBWXcysjGZrT,5_5_20
73VBziJ6ymu76O873xzH,5_10_15
X7fyR9TL9BTPesedFSHM,5_10_15
nciiSfiz9rBkQGJGYLs2,5_5_20
PUguYxmStbJ3njO3QvE6,5_5_20
YLxtpxXvCQowi5IFp8QA,15_5_15
wcWTQ7oSUBj6RZJzLSTy,15_5_15
u4t4k2OmpiVU04zbNOCC,5_5_20
478ykMhiLZlysE9sKu9L,15_5_15
0xYIwhEZNmYtUh4supTB,15_5_15
66TzbbpYlqpFrW3dZjZo,5_5_20
naSpbqCMV2qhTHKuXcnO,15_5_15
D6ZdysxiWVeqdB4X9BML,5_10_15
fgiIxNtSoCbPYjX7tbLD,15_5_15
C6wGIbbQNppAbkNXrb3t,5_5_20
tq39AVdhg8Gqvrg8ZSKR,5_10_15
YE1ySF39WMRjqTfvr1ou,5_10_15
J8Acj77zIFyjJqzkanQd,15_5_15
aYnbU9AwWcppEvUAV8CW,15_5_15
gKX7GWh0B9KM5XDp8ZCG,5_10_15
yUxdQDPb2gSSCPyVZRpf,5_5_20
y9qCGVs9e7BRXBgLtbmu,15_5_15
wpuprVe7NdoAh24nfRik,5_10_15
syuBcktwTbiEpRDxbage,5_10_15
ah0mKhe7mumokdxDXjAK,5_5_20
cvU0YrPU7AWiei9BlleV,5_5_20
x2ZY3f12VNPXD0hJ8lfO,5_10_15
GeFyEvAWQkLfgPIDR19g,5_5_20
6x4YiIwvqAgAzgMO6kNg,15_5_15
inRKmd1fyRx6rhWkXHHJ,5_10_15
987AO4Kys6ycsMxhglSO,15_5_15
9jrzNoxw055tejTG2EA1,15_5_15
7mw506NchDotJTvI98z6,15_5_15
y1klYy0p6gBItvp2gwIf,5_5_20
fyLK3y5el7qZ3HmzZfs1,5_5_20
OFOJqAyL0oGKygcRx1WA,5_10_15
PPB9Fc8l6V64A873XdYj,5_5_20
WY2hrul0BK35zwG8UfpY,15_5_15
AQSUVEjENQjuxeAIaUnO,15_5_15
CDyTVdi8siMGfaUT8Ksf,5_10_15
Kb9ExkB4ejjf1czkOAcz,5_5_20
k1Gcddn2bTjR1DP32oSO,5_10_15
DV2UKXJFiJmVLErOpksc,5_10_15
jNDRNuCtgyQ28HP9OOKb,5_5_20
eYlJ2T5nJcBA00OC4AZ1,5_5_20
LkFzYwWXbSWxX2jrivrL,5_10_15
u8p2H8Ta8UQvGW85BeNl,5_5_20
9kfebKHeLH2VLYgLr2Ut,15_5_15
7fWWnNo5j1SrkT4cc9Xr,15_5_15
w1AtbOaniWmCA0Axeamv,15_5_15
fS1KsbqxIJHsIodatE3C,15_5_15
78c1aoJOcxfDafadxA0C,5_5_20
Y65bdA0jxbNnlKoqUNh9,15_5_15
pcfznfidzz1XKH6Te4aH,15_5_15
RVk8cINFquSgHhMvBqWo,5_5_20
KbLCINsteNQAY48ZSpQ4,5_5_20
3io1UUFCm4jrqoNwWsUX,15_5_15
hP5XcpXPXYgkutmT45rn,5_10_15
1EZRB9eDSqgl3UVCVFlQ,5_5_20
xxXELSY7SRFgMCbXsgFq,5_5_20
hKVuDNzspwRrcGRvNVWY,15_5_15
M635udXLXXLOlZya2Rnv,15_5_15
IZx1mKxcQnLip5sp5LwK,15_5_15
m9yoHgHaNU5WcIDQHIhW,15_5_15
U7J9H6tJUioA2lgTRbnH,5_10_15
AshnskZJv5Vj1zHGdXL3,15_5_15
lyIrRQDlf7VQBePz3Tdi,5_10_15
6diV3J6n3Z3sBRPtJcjl,15_5_15
bQ2WjscNFdND2W78bGPE,15_5_15
xhAFcS05KyQpx94EAuwt,5_5_20
y0Apz4EXKK0SvWzo5Oz2,5_10_15
ZLL42EGlGJfAB1gK6KES,15_5_15
DXZmHVn8m12CwoMPMiN7,5_5_20
gtztE3SaDYyT9bY36zsa,15_5_15
veg5MFXmJOzsQLLG6htb,5_10_15
zYhFPRyzPf777tyZ16P4,5_10_15
njceuauU2xDlljMAcFFC,5_10_15
yUoKmHj1j3UEcecuona3,5_10_15
5aPAvU4HuCIcuzlXV6Bb,5_5_20
sDWdPTkKb557s5yUkLOW,15_5_15
nbKC5pzChBmd9vf0kyxP,5_5_20
TBCkuGgEAm9KJJThN054,5_5_20
GlaEhKWaDsMKfMy0IezC,5_10_15
kJAlK7modoyAJ5SooSNU,5_5_20
vAYEZjQ3fPJhlblQnmO6,5_10_15
aivz3RIGVkX2xs8N38Tf,5_5_20
IECZAsear9mMTzv5Vxsw,5_5_20
bLPxhhCt4rjoyoQxbzf9,15_5_15
bsfsoxETIrBA1gNMU8VJ,5_10_15
D39CToAUtwRNxKSNIKcE,5_5_20
z2xzR9TZPE9FUNTJTq21,5_10_15
BUFpjrp1CMhptEEuE3tA,5_5_20
SSl6dnLxxOfq8GnyCEII,5_5_20
2dnNGv4ovJIADy7aPnMQ,15_5_15
XVePAHSbgwGBJIBYShah,15_5_15
T0Xd3K1r3XPYXvAmM7rW,15_5_15
yjVmryYqfpa6xwthI954,15_5_15
DqmJv97jPGG0bWTtyY4Z,5_10_15
e35mhsNtLDjdv1njkRi4,15_5_15
U2oZYrUDQhvelc2jaqpx,15_5_15
p1PmWt4mtaHJNeEU3gt9,15_5_15
cr8Z6fCKq3950wF7rnNm,5_10_15
Nv4RlLSn07MRyyo2cu03,5_10_15
xyiP4DucSI1Ud2Juwxpl,5_10_15
TiyQkiKg4XwaqjhlGez7,5_10_15
7i9X1cSWEqdvs4nAgTZ1,5_10_15
wJN8JVRMJeos8KmhM0nh,15_5_15
HlhlHskud9zkHjP99XJU,5_5_20
I3JNnnPW73yakxKdfiT0,5_5_20
bic2SBN47PdWZYWhYsDV,5_10_15
NI6pM2UO1iMll9rdNSIa,5_5_20
te5YXMlnE7d8lGI1C4Iv,5_5_20
w6q7xO872MsU3xamWmpB,15_5_15
RBR5OkZwjP2GRoTTTc5S,15_5_15
aSrzzmHE2F4opgtxcD4W,15_5_15
Cgg6Ico6w4ziOtJyqftA,5_5_20
NOfh3p7LtiPTD8nFkQke,5_10_15
S7inWh4t5pcb3hXY3ekW,5_10_15
KxZqCkCSZIciHBR0yXv7,5_5_20
GsGUiAzqJmUMh83T7etm,5_10_15
XZO98xPkaCPAE8Yqmgxn,5_5_20
uLZ1ojkmxi1lcK4WMLPZ,15_5_15
JFOjykfyIYW8HBBAuvyG,5_5_20
9fbL50kqCONAVWOjYoV9,15_5_15
0Qo2Aw6ahSt8LMUdX9i3,5_10_15
K7vrCSotT2hhmQpABIV5,5_10_15
GOdCSYfYLW9oocF6cGLs,5_10_15
PC0umvPzMhBUj4CB1kwk,5_5_20
Zuz1ie0e0QJAi6fFrvxH,5_5_20
PofBfsSCYgg4Ti1VvHh8,5_5_20
8VgcRENLZm9ATjjYCNyM,5_10_15
niU3OoEyyCKQvzx0Onye,5_5_20
B8X1sGwCyWl77G1Wbh2o,15_5_15
xMQPSfr3jpaUL1F7c6Hb,5_5_20
XvabpuAImuKQXvIXJjvY,15_5_15
900fqtQbOqfanAayVwpH,5_10_15
IVZjI3ZwReuPPyBGJKQd,5_10_15
vN3pX28KaXsL4erUCBRV,5_10_15
Q8xeXZEeleMuYjMu1Ltk,5_5_20
Dri2qEJCKoVglp49LZVF,15_5_15
kBjnpnb2llBmbGdijKXg,5_10_15
nj9aR2G48kZ6fk3li1zq,5_10_15
ZHEUR68fR5MXXBvCPkuE,5_10_15
n5m4MTOBr96axwTRwRRN,5_5_20
hitSh8DBOtYq48q9zNIi,5_10_15
8jFYlXnwcY7ywke6DTH2,15_5_15
V6GSiBu2wxkmlDW18XYC,15_5_15
3d94vsLlqAahIM1AihyV,15_5_15
OyrnB2MSAZ4a8qwxi2jK,5_5_20
QXPkBy6ZW7xDVstRwKrU,5_5_20
TprAcHEItV6oSorjUEuB,5_10_15
IpxXBvDl4y7427XgfOlp,15_5_15
9ibWa2K4GPUfUiNniNgi,5_5_20
Rka90qQI3j670CoTT2Qf,5_10_15
HJXWdLriAlaQF9Pq983T,5_10_15
IW6zbIlQKOcW4ab6MmFS,5_10_15
tx1G0ElvaqTKqSwd7kIV,15_5_15
uvw0uxsaWWxpRYVQTKF3,15_5_15
8JJDGraofKtZMroK3jWQ,15_5_15
zTVdiMsibdYiHlZ24Cbp,5_10_15
jBZEAEJPUnz34bQeOfo3,15_5_15
IvG7HzPbGQKghBFFs166,5_10_15
PGNFO1uXncZqB8En9TDh,5_5_20
y1ZrAClLjVVf8zBfkNu3,5_10_15
oBGGIUZ21gmxBxeTk9yz,15_5_15
DI54f4tIgIRoruK6GEqW,5_10_15
gvw9Q6c3Ce9QL5it6guD,15_5_15
XiLpebsTiGYRbABnqly1,15_5_15
1UqhauMznxs8o7Xv1Vad,5_10_15
s4wDeTMNic3QP3ANJwL5,5_10_15
cdQRxEnJ1UAbsdQbfHXu,15_5_15
2BHOzU5C6ZsoWoFUjHzU,15_5_15
kcKew3Sx51fZwYHdVzIF,15_5_15
z2XdWYMhwf5DLnzGFHHS,5_5_20
k6mwesZOQXXmM3faL4U8,5_10_15
T3N4M5vY8kes31tZn9lv,5_10_15
M7DMAxmRQvedn75302TF,5_10_15
3Q5cCwMylJPbwE9Ns8Ah,15_5_15
4TQrOGwPjx7rJyXSP2gX,5_5_20
TVoiEjzfJvtCFcuRdKzS,5_10_15
GJcKUpjzFTHZ8ejGaOFs,5_5_20
rX8cNjpWNOMQbgRgVRtH,5_10_15
5l0UtNRXKNU98Q7iRnXY,5_10_15
ODwCo5UqxkGhYxlq7JrQ,5_5_20
dOAUYb0Q97E69KdiqT8I,5_5_20
M9kbCzY9XpfXdXPm8Hpp,5_10_15
y26gH4jVQc1iZssHMddZ,5_10_15
dxRIRAg9lWCELOa7o3HQ,5_5_20
WKzNJRCKxcj21QLb6Qm3,15_5_15
L2e4wuXjGhybo800vvtr,5_5_20
TvLhUJjb0pWeSJb78cZp,15_5_15
PAfFFy5RoHwBbWnCSDps,5_5_20
WOWYN0iRTlO4iAZXZSmg,5_5_20
ZwZFEc3YuqCL2NtB0IS2,5_10_15
Rt4rt2F7upaEQUf1D19b,5_5_20
3UGtAeB63chkrjg4f6k8,15_5_15
GggFO5SHzL0EipaCpU2I,5_5_20
5js4nqwV8NBbUIlYrx1F,5_5_20
CfTctrF3qdYc9qHJ3ZLl,5_5_20
dDXlGcd3sPMid9uusya8,15_5_15
fYtg03IW0WH6gRZEkx5O,5_5_20
JyMtPuyBdEUFz1I0ebYh,5_5_20
O4x8DAfcvoPuy1mCYEJF,5_10_15
grcbYes20E8vm99wlMj7,5_5_20
RRVTNkdU3D2o7l56Zl3E,5_5_20
mIJrum549bOPkmOtqg1v,5_5_20
4OT9I6LSsjgbpHHK55oX,5_5_20
YIg6VBrAZPRboVpI631l,5_5_20
i6Lv5MSL5vrG9VfSYnx3,5_10_15
zE2DQ8tGaGpRwmsNWhCU,15_5_15
b4KvGjr2kecj2vtCGLj6,5_5_20
9pDBlotLw6BvgG4oS2al,15_5_15
VqJFVFXKHLx3pF8NlgQR,5_5_20
WPIeFCmpHZK55FDj3ymh,5_5_20
c1Xp7FhLq3kVtexOcUZX,5_10_15
mT3zLBU0OJUsBxSevQm2,5_5_20
WobNqexhjPyfidEu91L1,5_5_20
RPBvRfYHHPJmDpjnb8WD,5_5_20
4mFdBObG6kbYOpCiJZp8,15_5_15
gNkwGH3M22rseyh7LPXf,5_5_20
Wx8A4KTYWTxB5MuUZqmf,5_10_15
75tG6bTuiJt9l1z4rzAq,5_10_15
FiGLvr3mxI6lSw1008Y2,15_5_15
JuFFBui3QPdCzpJ1FgyZ,5_5_20
yivd4eJjwwVy2EKQVavn,5_10_15
ZGeV3sEgqsorNgNRBpxJ,15_5_15
uoJjLFv4PoDyYbIQv278,5_10_15
Gin4qEB7GHCuaPBdbrvb,5_5_20
GYik8VgVg3EoaJChRXqG,5_5_20
jGCOLrmmXShHRBY1AvDx,5_5_20
ZdB0pLWiThB4XrG6r6HD,5_5_20
fEnA9ZNzF81wisDbF0iY,15_5_15
i8XdjcyI7WPYUnnSu82G,5_10_15
TRERF0w2OLTZUtPSYbsZ,5_10_15
qwFkRLURvPxuipf0kO0v,5_5_20
6oo45Rv09o1t2KAVvmyS,5_10_15
CaPem9oa3pdS5PLlH2pJ,5_5_20
bFSfBgYHBmFtdiNfKMoV,15_5_15
lccyg4NSuiyorIFTcp1v,5_10_15
OBUeTIddaHXd9O30MJyK,5_5_20
SJF8ExC6gk2rBvpskmDk,5_10_15
cW8yUwiy6OjoHl613iHH,15_5_15
TjKdVrUIeWaMPCM5Y6dL,5_10_15
Sxkd9vdzv5jfbiCXfz1m,5_5_20
Rx7vUMFC3MjwZFYL8MMu,5_5_20
uBKNwKXKYiIb2h6zVVJO,5_5_20
cTI2O6Yh7Sl8odjwXtkK,5_5_20
n1Bmym4EEyDPT16HNz8F,5_5_20
2v5EES1wHsJ1SI9hpzTb,15_5_15
Jke2xok5dnkKAUg7BmBm,5_10_15
q6uo7ZKmTFwwSNy7PLr8,5_5_20
BEjkijjCfi4CZCNEZC4Q,5_10_15
uNSLJ9wDDNAcevyK9Y9X,5_10_15
eJezQ97RF7ZVGXt8Kwxz,5_5_20
x43njerodbHApWFpghnE,5_5_20
rMVxNJ2zStCRsjL9mpvR,15_5_15
KWnNYc0Xj0H1WNeTVDbF,5_5_20
nkfeyIwe4h5n9fzwdwzJ,15_5_15
juviG472YCIze1qKk6ex,5_10_15
DHBxAtzRzEgNXwFkaqz1,5_10_15
Dl2S7PGAzWxdY6v2jSsO,15_5_15
e0ZLMASUhYU9bQm92uEt,5_10_15
1sWzgvWusQhYhqFHu3A2,5_10_15
rbW6GbIdgm0z7y5F3Aor,5_5_20
mUKZ0BOQcRyHCRRyfcTl,5_5_20
XYTlKRj16VcsRwPPKbSI,5_5_20
hQqP5TXcMozYY7XAKyYV,5_5_20
tu436rJtSFMzYP6ere4n,15_5_15
mOeMgLyIQ2JxfD4lcvCl,5_10_15
h3vM4QrzRXaxrd1oXIBs,15_5_15
r9CXpVweqOehtFgih0nq,15_5_15
vUU40zLtrj5XT7uBFLUJ,5_10_15
kP69qfsjXzZFzBJ68GvR,15_5_15
OEXpeEzSlN4EbZZPzJuZ,5_5_20
ODVez5QEz4FdbhsLBB1d,15_5_15
qATCeHaet3gbZS1uRIwY,15_5_15
gJ4tAdweEcKbaqwtnoQM,5_5_20
WoT7SMJXNC38QQdogbD7,15_5_15
psPLtklYwR0QXk2eUvEL,5_5_20
1hb9s8H9YyJCNFsj7Duz,15_5_15
XlMi8B19Uvw3nh2eDKqt,5_5_20
CDgy98uzdJ2pn9AMYdHx,15_5_15
fGJTbe7OPRwl18ZdHoFL,5_10_15
51VdUlIeJSmUUzYZrTYP,15_5_15
VbaVJ69qrKdoK8OZ6hTc,5_10_15
RE0wFDg307hWuui1rGfL,15_5_15
lrSz0yMXt2QsCxiswzmG,15_5_15
L1BjvIjsirXddaY5urBb,5_10_15
GgGIDhcT5tBKIvoLFTvG,5_10_15
ih9IXR5ygzxDhuoJaT48,5_10_15
WfN23kc5NULMZ76kBF1F,15_5_15
qB1FpCe4h1ssHHrcejKY,5_5_20
bz8QrSq16SE2UbZM5vxd,15_5_15
K9F1NCsL3jeGTwWfmdwY,15_5_15
LQTQ5wKjHoBGWi1B2fHi,5_10_15
LlRkxDoOdZMy7vGRYqrQ,5_10_15
NlMmJc1uUKPnbvizu8FS,15_5_15
MWbtTPBIlj1fFZA9DExe,15_5_15
q8K5RRiJVhkIOpqguB82,15_5_15
WsQPdJrPveOB4PU8lHta,15_5_15
pUke4trIHLAaI6RDoCms,5_5_20
mrXZOok2Eaf23ZBScked,15_5_15
LOqDOVvuQY6finx0xjx1,5_10_15
2x6iZfGdhuoOcoM1qf36,5_10_15
iNWHwLg6z6SJIevL3AJc,15_5_15
kmcSlbFap9jTQblz0H0H,15_5_15
6wSPPCzHRsoYZsQV2x43,5_5_20
XJdHRPbACyG7gS74UJHy,5_5_20
FDnGp82nudiEBg0QYW24,5_10_15
sgC6SpTEPCyQWTYYVvUP,5_5_20
sj6VWt0jxsrKKnymlLQp,15_5_15
NlYIyjqt8HkjUBZuGWmp,15_5_15
6xpSb8iEZREnrfhz4XHo,5_5_20
dmVgBX33uVo0lyQqqQIl,5_10_15
5CaTquVLKba338kYihxW,5_10_15
xWa7OYqRu34iyzJ1gzym,15_5_15
hJuccSrloVvxEFFNQV5J,5_5_20
nWphy3jyt598KnCVFrJ0,5_10_15
palb8ucVG2aJUYFUgdVM,5_5_20
JgLwi1TMKwgpVognBSzY,15_5_15
AjSHVZDHMqC34mOoHZru,5_10_15
Jlq2kotSIZU8xPjWhBc5,15_5_15
I0JspriMggjzHJxWQNB0,15_5_15
mEDJ8o34uDKbTY9raSVx,5_10_15
fMob5PIAG4uvvHVU0CkN,5_10_15
nr4nWEaP2MT2nZYaUFqr,5_10_15
cyw1BwOQsWWLcIrtQjuL,15_5_15
KSQMSuJKuyZi94jGXK1W,5_10_15
SpROxB50w0n2K6LdxqqX,15_5_15
kH2g82Tg8zIRx5xswPfc,15_5_15
pjkkZbWkdYd8e0OLMEzj,5_5_20
Ntig3ECCEDX0XEJTTpfh,5_5_20
FjmZLABQzS0DDPBPSv0Z,5_5_20
gAou5Y4Z1Mw5PPh5r4eA,5_5_20
UXlIbCXjtnATknac9ZZE,5_10_15
Y2AsZLje42rypslZYiQc,15_5_15
qKG9MfWLjJrI7PRl4cCW,5_10_15
SY204BHsMi7zvAH0fIX9,15_5_15
vgx9JosXZL9UzfUZRM0E,15_5_15
klwOUJIT0ssJQ4J9pYMP,15_5_15
2NmpbP2RlhOKuFObKXPA,5_5_20
7IxDJ0TzdQ4cm1VZXIMr,5_5_20
mtfWPGkJGMIyHsOFFMCJ,5_5_20
i4O94xBJwRTT0IYTNT2Y,5_5_20
4SttqRZPybRzzoAfKT2U,5_10_15
YTlhDYoVazZvYOhxfr9n,15_5_15
xngsEvKg4ZS7ybTCShmv,15_5_15
92XpGkewg3RaW4nckGUj,5_5_20
AUMylWDgjxe0Ewbm14EC,15_5_15
tl9t3bR0WB86QMHDJ4Pv,5_5_20
mUocBsfCT9qmri7hk2Hs,15_5_15
QX2vdwmv7O2HfjxHhISe,15_5_15
fslqRIVjjYVNj9ueVqKW,5_10_15
llsi3wfXJfetYLWD67UZ,5_5_20
qoyzuHaMrXS03Ecii546,5_5_20
t5TDcRXGjE4yl4FTRVnC,5_5_20
565mIhuSvv0nlW04asLV,15_5_15
MUQ6VDMdKKFBQpLIxuo4,5_10_15
Rx8fSGIlyTd6qQ7EvP7v,5_5_20
tOUOgsnzvBEqfvvfX9Xz,15_5_15
IN0vSJxLh1XEluMnUl0G,5_10_15
qnpOulR4iK1C1AS708L1,5_5_20
eyzGzSGVCpCgeEIf6d5N,5_5_20
GLwICiJI28aGCaASSQIo,5_10_15
XPvlE6mGbNVEJcPUchuy,15_5_15
O6NpKs6GiNnMPHd5MiHt,5_5_20
S0djHaj6zbghsFGdJiyf,15_5_15
iPEFrv7FoyG04VOWMRg3,5_10_15
sa3HSFHqa75vdNRpUdnV,5_10_15
IaQnxthpM3REWbHB4eZ9,5_5_20
fvzwlBJrM0ujej97navR,15_5_15
mukt5uYjZxxPlqN5Fywl,15_5_15
tROVshOkEmAaAiCKmmiT,5_5_20
xezy5p7RNKthcHOSET1R,5_5_20
9UsabW24aRtcJ88sP9SO,5_10_15
ZxOeE1eOxGT11E5MEHAa,5_10_15
6Mln3lT6ngNDYgTuS599,5_10_15
oQDxejOx3cke4FIphUFx,5_10_15
OWVr6IoLQBLbFtNEVMa4,5_10_15
nivKrTwcPMqBoCbcaDHl,15_5_15
huHqbRD7igRaRenEEN6x,5_5_20
VIlhhDaVk79f8nnX2CF8,15_5_15
IesCckMddqmSZpItcYsh,5_5_20
LgZPXvM4FrHwb3g4EFCf,5_10_15
rkZ4L21VOqySOYZu1JPz,5_10_15
ah7MDArTkoQ0CvAoFVQZ,5_10_15
D3KkeaQhIv2QkVsFXWAi,5_10_15
leRbZYnMdabWlRXSxbm2,5_5_20
XsBT4qEuLSKUWR0fBPun,15_5_15
UJBzYtK1CJqbG4pw2Tq8,5_5_20
9AmGpCSTaA026W1nXuxU,5_10_15
rYpE548YpCPUuElRj20x,5_5_20
YTMNCEdpzsjYwumJq2KF,15_5_15
s0mfi3Oe38FDEFQYTbra,5_5_20
gS1ldHJOWHqcDHSFUO6X,5_10_15
LiIqj1b5B6mdBBctXKBz,15_5_15
8vPAQuwoo1brRL1BoMul,5_5_20
yRpCmV64XTvkKInoSSSN,5_5_20
txc7J4l1z2OmdUlll0lT,15_5_15
c84Z6aquOX6kSiUTwGM0,5_10_15
z6p6Y6HUxOGIWQFnkN1n,5_5_20
7lAv2S1oelqHjtFOVnow,5_10_15
poj4xnXXFk8S6Aexzv6P,5_10_15
IjfioYm3m6MOIUFDoRdT,15_5_15
rAOs5GLEnQJAmA6aeBTo,15_5_15
JfuLTZzBm1rKVaDF3iGC,5_10_15
OkjKIVwg0aFYPTsClJFA,5_5_20
mmpPANoRfSzQEDo6zrOx,15_5_15
KNjoejyZzWWgiXdTG7Zy,5_10_15
hBj1erd73XSIJBrnti8b,5_5_20
wsbLXg2JbmJy3aBBssGh,15_5_15
kIi2vl3OBOxze88HnNRC,15_5_15
KQLxjDEG4pQijeTm5iFn,15_5_15
77VXErf7Q7fD9AAcGCMC,15_5_15
Z2xJ0AcxrhRVOjfLOwj2,5_5_20
7EE7gUa1POzuD9ZEI6Wu,5_10_15
arC9kDOovLilZAFxXEky,5_10_15
N8EAhiE0014kEWHqGVLC,5_10_15
GQmZdyoOKRBjibsUJqpJ,5_5_20
f0Xy9sXNR2wuZvRLWrY8,5_5_20
cZJplbs3YKpOWMfgcFqh,5_5_20
H7APIIacW28bNDbqBHCt,15_5_15
mkDHYHq2xR2cysZJiUB9,5_10_15
OWQ4tJYxZmCnze28wu65,15_5_15
4VYlbsMi3woC6PQ9dZD8,15_5_15
XU4ZQMbGa3Lj9WNKpgfy,15_5_15
Plopp64ICTdnNC4XOwAS,5_10_15
56wJjE2tKo12JGRuBMYG,5_10_15
9C9nHsPJG2Mkwc0Kl6zd,15_5_15
E8SRCSDDnz5MQIMLps9w,5_10_15
JYKvUHgy29tgBK9vxSoY,5_5_20
dDfFbpfPBZjLzs6JLhCo,5_10_15
ONrC6DQo0NwSZxtSC0H1,5_10_15
UveOZRRCk6M3zNoCOrO5,5_5_20
zFVbOCrjSl2r4OgVKyoW,5_5_20
OsIKSRp9JeeL1KEI9Nle,15_5_15
UIW5xAzIDhwDNswsrAqU,15_5_15
4fQKhwvM3XFZ2Bst8BQK,5_5_20
1d8OTVi4tey05Z5V4tKH,15_5_15
euEgHeyV2MkbxxI85pq4,5_5_20
3DxXYU44M6p8kOddPA6L,5_5_20
1d4i7b3IPkAcbDHQtbfY,5_5_20
MSIu0fx3EjOKb2swUBN7,5_5_20
VRevTjWyMjJnX0EifqEO,15_5_15
LT3YkdT5qMwbHOJpp09Q,15_5_15
GOfszF5HKcSRsfGmv8rr,15_5_15
vdiAIOdpkv6Ishg9B8ov,5_5_20
cA3IxO5M2NSc27VDq88Y,5_10_15
OVMlQhVcqYLMNfI81qyB,15_5_15
mxzMyEWfQyxbzDclGKiz,5_5_20
VlK07Hw7Nr2s655uRVpz,5_10_15
emgHlHOiJA6Y3UMi5TRa,15_5_15
douXEJ4EBOwORUvjznDR,15_5_15
lbBFYEj57s7jFuLGoYhb,5_10_15
XxMjjODoFfCfih2dGFdw,5_10_15
9XhFGFO6RL7MxxoxWLpe,15_5_15
ar7v9p9CcVBVaL8ef6Na,5_10_15
UFRJdGUwd0moGbSE7cst,15_5_15
rrYkTrwh2TMMv1IvrzIl,5_5_20
I9gmFwCO9p5xFLn4C1dI,15_5_15
5rxKrOdtw9zi6iZjDiZU,5_10_15
W50RS0BSWDoaNnfz2Td3,15_5_15
8TGLPTRU6zzng7ig6wje,15_5_15
0He9HysyPCtTN8ogIXbb,5_10_15
WcYDIr5gBqFlqQCfLO1N,15_5_15
Y34n1ewFozPlfrghTtE8,5_10_15
48dvG28tFZvFxJS3gubp,15_5_15
RFalvbYJxC4UaWeVP9Bl,5_5_20
BVLzRiH7EOPxi5TjRmpa,5_5_20
spew82wdkX0wW8aCfVN6,5_5_20
2CravRf3YyoGsdVmXyLB,5_10_15
E9O61OUvhJVPVNILNVKi,5_5_20
ggUZHShAMFgLfCl29kzl,15_5_15
uhJmCiYPKjC6kXjS6J2N,5_5_20
ZR5Fx4ekOxWItTtVL2D7,5_10_15
eO8ueo6SY6mgq8BrsPDn,15_5_15
jrnhmVKt7CnPWS0OWMII,5_10_15
4FSviDE1FIxFULHiw72J,5_5_20
IZoE24O0Bkv0neEKbx4H,15_5_15
3FnAXEVk96GR39dpvTAu,5_5_20
2Xgbp4RxjncszaJ0yNdz,5_10_15
UHo9hzYOvPmnvRFiAHRN,15_5_15
ssw6lvCnvrisvRGBeBcS,5_10_15
hgsF3OhmmJ2iKUUyx8fB,15_5_15
4Jcnq4L7V8NxWAITZzbt,5_5_20
RGpC8Kb3t4NbLFF6ZBL7,5_5_20
frdsAiZHlEcYXnF4j3Zo,5_5_20
v0GhUCEdOuSpaaqYc1mE,15_5_15
ZTRXpGxS3z6vhaRnlrCJ,5_5_20
A0ZERTjB3QmbFrsO9HkF,5_5_20
Ej5z29sm0UDZlC9VSn90,5_5_20
RuJJKRUlyxtRXzAiEC8C,5_10_15
7g15dSE5HRozRtACCr2t,15_5_15
TMPyNQqUYmFpDT4dIx6o,5_10_15
AgUaUGHnrmh9OdHfzKW4,5_10_15
g6b1rBBesjyyeCMsmJgr,15_5_15
f9SLvrBHkn9TRQ3evbJS,15_5_15
XTTtLZjW3GfR4y1pfMb5,5_5_20
NuwYsAsVQIklJBBWq8Wb,5_5_20
3LZAdXLXW8LPv5UZBAbT,5_10_15
LCnSsbremU5Q7zt49bLJ,5_5_20
jwJ6gpnIAf5w1x4iQZJR,5_10_15
7p5QU381QSJDXva6VcAw,15_5_15
z12PQ7ywNRzG5y9q4Jdx,5_10_15
TqobM8DjjMIEJpCiODC0,5_5_20
hxB1paIPDAfijULjhPt7,15_5_15
7TybBIYEeKVKmA08SM6F,5_5_20
zyNoCaIsnOcVl4l8Gqbe,5_10_15
oiB7rHKgdBPeLOrEVy8J,5_5_20
3ZJJkbN9wTy3TgFAdEn5,5_10_15
ZUtrBNUckCNMRwAoaqgK,5_5_20
XQhzcgzlcOtYfyNA3zKC,15_5_15
ZwfThJ6kFocbfC0Yv9zh,5_10_15
uSJ854owFJHsuLYRzO5k,15_5_15
yXKjMB4nqFj2OMoz4h6q,15_5_15
imamFek77c343RpRDAGg,5_5_20
5AR1by9iF7GYn6VacWs2,5_5_20
sGY2C7QPo7rl5zlF7DMI,5_10_15
O5kGvUyf5F9U0g76tUPZ,5_5_20
kcczRbVHc01yZZkR4aQQ,15_5_15
CMIAPiOwKLBSjx4bL81K,5_10_15
LnzLYBKeTmWgoITknjHO,15_5_15
qzyKahqbmTXJImzQbAvk,15_5_15
uj0g1xn3hq3armVSVrhg,5_10_15
g6pODP5UB5ph2cKudrRY,15_5_15
Dpy0ZJR7c200xo4K2TsY,5_5_20
wUKbxBDPeXOCsSOqOoEk,5_5_20
jcKz0LqxmrSFUKIbsWoP,5_10_15
UGgMBt5WTgrxBMIjhg97,15_5_15
hMy1CoVHvgJSiNDUIPGy,15_5_15
gRWjgyPvPU3jKX6Ko3qt,5_10_15
6Z8NDoM51kE7i81g3WYV,5_10_15
n6QoCzvjBZrMFdr5sqeQ,5_10_15
Ew4rSo4wQ4ZozdqU1dqG,5_5_20
4uJkIpXH01fQbX9oMtfJ,15_5_15
tYrty3znRRmc1g9MPpcg,5_10_15
lSB4ZB0PVxJP6yXStgVr,5_5_20
6PdtO1lNoJSvhlUEwSjV,5_5_20
dWV5hACB8KvHOzdas30M,15_5_15
2xkytJbQD16EVjGTlD0M,5_5_20
pTyhRuwBnnGiWgIwTwen,5_5_20
1XYOTXFRZBtd81cqwvbD,15_5_15
2MByhaqdDuj5K1nAPbCw,5_5_20
EeIZ46JFYsTWoYnpTrzT,5_10_15
GTc7oSSycNlKfTTUSHyT,15_5_15
2EBR5PxrDKIM9PbkumJd,5_5_20
AmPzvMj6smfqNoZZyxUi,15_5_15
au4wVYvV5HkGdhiXEHYb,5_10_15
S86kgudNDYlcMTOXeRnY,5_10_15
e2qFWhdfU7wR9Uzzo3m2,5_5_20
0vlgmACAmDBfBXWLWIms,5_10_15
JzQgIvmCrowu50WbiyOm,15_5_15
3xsCE0EwXJNYaaTLvTe1,5_5_20
aL3XdPlS5m1nNGVgBExr,15_5_15
60PDRISPC0I4g0R2t7KM,5_10_15
X99p2ZGbPY0SuG7EyWOg,5_10_15
rtwBb1MTfA0t28zSSkxu,15_5_15
g4lRaTMYPjF6yS3WRqJx,5_10_15
A6vN7TSqlwNDThL2tLyN,5_10_15
H46IFGeMnOhEyOknAwL3,5_5_20
TrIHGTVCr5cushUjvQl5,5_5_20
NGUBDRROlDRa3k1Rn3tY,5_5_20
FXGwbhyrEyYo9U17JwNB,15_5_15
2TYvUAPK3wSB8mjxzvmR,15_5_15
jFtYERi1UAtw8qLaQgPp,5_5_20
qtbYZSyX7lk8EAUyDv7T,15_5_15
PIFyuMNKc6Q3XvQBRmEp,15_5_15
2OJRuTW1wt7tqmbmdsEw,5_10_15
gz9i5BvEMJD141UEXxL2,5_5_20
Rbqkw4z7fGy8KhAKGx40,5_10_15
IqotyQWDUAptFB74jREQ,15_5_15
bV7y4e5kbJjLuSed1hiB,5_10_15
ds7BaUrI4zreUMrfgEJA,15_5_15
1keBrcY6gCSS1gpKVAmC,5_5_20
Wc0lGrcA6FlihW4f7Rpg,15_5_15
FueAX4t3qeagEaI5o1GU,5_10_15
HRuo8cPXDFYlPVwfli3f,5_5_20
kRV6HfvP5pwzMWVN2Zbs,15_5_15
Ecr1dhnM4ONPLY3zPgJL,15_5_15
aMChNJoWI8exoaxKQ9hY,15_5_15
NjiG7oSnmj4CBJEXXoNa,5_5_20
xiUbNBz25QTeGUc2h5Aq,5_5_20
L1hYn5XCL72lXxZOdbVp,5_10_15
NQK3LPdwgnMhLYUlCgrJ,5_10_15
pVHNir1Y3ELzpVAJ0fgy,5_10_15
57n0SPux9bcRiulo8x8B,5_10_15
tedSoDoxX26VNivBJVe8,5_5_20
qgqi7TfXZfDDV33pldKt,15_5_15
PlpQUf402JTaUcTdQhZd,5_10_15
iBwGlhAwuQte5mCWxYgv,15_5_15
uOpfgmVY9rKkW8xRU61P,15_5_15
QRlXIXMC7HuOuQULyvRT,5_10_15
BnLuOGgZlKkwtUYR6BnW,15_5_15
JYGPCKqFhsafTVjcctBb,5_10_15
KzThIkVJbxFIXrcVjqJY,15_5_15
CeKmp1QWmXoAhvnYx285,15_5_15
vlcWl0Dhah5nT5nwr7ED,5_10_15
xdBUrSlcNKVVDgyAf849,15_5_15
jsvPpjiQ3iUybXJ0hFXo,15_5_15
84XdojjfTjnkSNizwkIn,15_5_15
Xa8dhJEhALK1IGrJH9n3,5_5_20
rOynXNnhJPQ9krrJofIy,15_5_15
yVODRDNftfJMQ0feOYMn,5_5_20
m7Lm5bfReGeA7ID2L4RC,15_5_15
6zjY2lneVy3VgFeKwsZE,5_5_20
4K7z2yxts9aE3LuR0CrB,5_10_15
xqiNbnxjU8bGvlNoTLk5,5_5_20
PBM5vNazs68dnrtqRK0B,5_10_15
cSB7nLhaveipjslbHUiO,5_5_20
9LToFkLPoBlBDDTgsp5w,5_10_15
O1XJtfSaKDZ21eipgZeE,5_5_20
Oz8qDBPZNCbeqI0gWTjT,5_5_20
wMEEtyWZLkPs9WaSzo14,5_10_15
BmC1pWf9ua39Qhq7EAg0,5_10_15
oo1TwSxb5VUawyL74DQm,15_5_15
jFwXUnwihVGjZ1hUOJTl,5_5_20
0JLp11ObgcRrB6OJumRC,5_5_20
jCZPe7dtfsxIYV1OcjBm,15_5_15
lw4B49rpcKkJ3CuPxKJz,5_10_15
m49M8y9fS2OX9fFLQGBJ,5_5_20
QO3s6rnWdWq0tbEQ25YC,15_5_15
UDKeoT9FJXj0sWq0fNWc,5_5_20
6KYZMpdwsDJcRi9RUUL5,5_5_20
wp91Ztrxhn3mv6mBpln7,5_5_20
pv3568QahSMSCHGwvxqe,5_5_20
0lo0vX8gWMDmdGG6qBKy,15_5_15
OIKkM6pDV3pJqeu2WN7I,5_10_15
hO3cok5QDJcheZRoqkpF,5_10_15
U7xVeEPGpSXj1jesQ7BR,5_10_15
W2iEMJd8NuUDNG183Xu1,5_5_20
9wD4QGrsZZMwlhDrfGXK,5_10_15
E68dTXsRgmrKYmL40TfK,5_5_20
C3v8a5o1O2a7LJvAdTSn,15_5_15
CQ6LcW9MLeGbHsZTDKeN,15_5_15
hN9C5hCM7SzLHCwRS9gk,5_5_20
7vHJwSUQBNXszuD90r7W,5_10_15
pORHvUHLyXZEezapA3BI,5_10_15
DlOzAIEgTpoDqZkAInwz,5_10_15
KhjiuSwNg0Ivt93uZzQj,5_5_20
cLpp3Dg3gdRJT0yUjX74,15_5_15
aXh1C67cZVLzJEOFAVY4,15_5_15
6r8XRk1jkB8qrVSdAi8r,15_5_15
CjE0KlnGzeyhGTQ9OdRe,15_5_15
HCgTjicA8LOngg72Hi4M,5_5_20
QflOl99U9VjhLZmS8wP3,5_10_15
tsiDVUTEi8PukfQ3ysCN,5_5_20
3n3ZwhaQ5XPwdW5qUwar,15_5_15
j2MVvto2jS5RoyPjazDh,5_10_15
wd6XLUScZWS2lXvTCaHv,5_10_15
sTsXJxjSGkTVjtmbJc3o,5_10_15
IaRjfEEkwvZB9rs6jFNS,5_5_20
4MgxzOsLBDMJnZH8uSqH,5_10_15
xizSAy0lPFn8vJbIZHfM,5_10_15
dnXC4qVDD2zDh5xmWn15,5_10_15
XD4COnSbaBHidredy5uP,5_10_15
o7SEzof95EqYylh1DNDE,5_5_20
ReddxMeMBnSxGOIonSKG,5_10_15
aSzNofH58zN8FGChuNy2,5_5_20
Ap1UXQdHEtrCSAtIswQT,5_10_15
EHwivcXQVSVZGzLfRKTl,5_5_20
2BCPmzLXyl7STrfPbP4S,5_5_20
gwJaJmjjuavWtSYqIkLo,5_10_15
qAc5f19J9sJg1NfNhz8N,15_5_15
t1dWLTTrHVARviYqdkoN,5_10_15
HnyNMJSefyJZLn3PDe3r,5_10_15
7Gbugc1HdB6oK1yYyzlP,5_10_15
BfJ63cm8d4ahblMG1V2A,5_10_15
VZyt53zeYKOMfEbXnXmX,15_5_15
BXHbkD1Ug2tIiqYbRgqN,5_5_20
kCXQWFvPdSeQyOoMG1Lo,15_5_15
uxjWSajVXPZj6yGK2wao,5_10_15
UacEUuRIigLZHCKSPSuS,5_5_20
3OW2YJkATSO04dRvwe1Q,5_5_20
DU3lv0cr6pIEaw3m1e5k,15_5_15
pFRq2IBWCn9K9CBcUxW4,5_10_15
AjMgtwrSLZaUDLu7J15t,5_5_20
D3UKzItuMT6aS5NV26qR,5_10_15
Qu90f6TzXZFKjoKBKg68,5_10_15
mZYE7YvrLheuQsD6KpCE,5_10_15
2RWYgG7Ed6P00IXyd97T,5_10_15
S9mIGHC3T3Y7QXQdL82t,15_5_15
yGETakxRYCXTeeDORiCM,15_5_15
hzyaxrTRge6lJcxWO8P6,5_5_20
Q8YsI0qRxpsLsrYnV0GP,15_5_15
qDSCMy5LA45pelJ9n9o2,5_5_20
RCmcekD16sE0xmWmVSv8,15_5_15
asSoh1sokM4HFPoQP0V5,5_5_20
TxHCPTISiPZ8bgY6IABQ,5_10_15
LD2dpE9aRJEkdpCzyUhe,15_5_15
Y2tC0h5DpwqRrE1zMAAo,5_5_20
GazukBv4dOeRMpPrUoFk,15_5_15
kazyN0ejCJ9WXllx4HQx,5_10_15
sFJP2ml3TKWGh7ww5Djy,5_10_15
Ws0mYxaBofNhxbuMhit9,5_5_20
bMxeNMPJ4qtycrmAVjOH,15_5_15
g5jRhB4zR5RUBvvQIlGN,5_10_15
LonayMLJagb7iPzoAMln,15_5_15
tzNiMBY1o0GL2Soc7TeI,5_5_20
KbJ3Mu62ojTgndQ6M0xQ,5_10_15
IoKUP1HVmZvl754tggmC,5_5_20
GiEyTi5a3FJOUVisBIRP,5_5_20
KqgcjufY6PGK6IZyJRrQ,15_5_15
jfY8OXliJbesSOibijGW,5_10_15
FbQVSbm23cOtQT2OBiAd,5_10_15
DXmw4Idk7i4Juyo4o6qr,15_5_15
X0L51sDXLZ2h7Q0oxjeL,5_10_15
j44RgbP59BcmElRkkcjV,15_5_15
M2vf1GaP0ljowNAszy4k,5_5_20
zXRebifpAqqMKet2qByG,5_10_15
TERqi1X2Zye9UEtpatpX,15_5_15
JRZ2vN6jjD7byeiYlym7,5_5_20
HwquHZxsXjsaHHY6MmsE,5_10_15
DAYLpOYaaCJ1RBh3SE0g,15_5_15
QR9tZ8T0O0H8HsEAQi1u,5_10_15
ij5Y0UD2tevDSKAxBQQe,5_10_15
6AwonygZlO1BztRtVttM,5_10_15
3S63sKcrI4FGDxuoPfl5,5_5_20
jeXMEB1RUmV2kUBOd3Sj,15_5_15
0b2i8NwerFCqdiIBl5ok,5_10_15
pS5Mg7A31KgZpEzwpxUe,5_5_20
QEO2xwDRTP5KB5VxJWk6,5_10_15
RsHRPwW71BOiXMxY1U9e,5_10_15
nWrnYpAfdm2Spdo6cTAY,5_10_15
FCtq0ncSTqYfWF9DUlK3,5_5_20
b5aQ4DZd1ssk58J3mS1X,5_5_20
FJ2aZ9StL9k2XmJg4Q0E,5_10_15
xD9lBQtrHscKZk5UwLb0,15_5_15
Mo7LeelIIDnccDcXWkWt,5_5_20
dUhIDUMxSaZMeBUam6BK,5_10_15
6BXDsn9PbNQoArsFrq2B,15_5_15
Q67L7FIoeIz3ghEPrvU6,15_5_15
pmGy4P7JClf67sPtU9Xl,5_10_15
ySR2dFet5TLT058NIVF5,5_5_20
5LXleUQGB4sqFIlZM4Xo,5_5_20
hcuOPHuMRkes12Z5bvlN,5_10_15
h2i51UzYMhdmQLz3ejH3,5_10_15
Ef5qSKi8I6sYiKGdBo9h,15_5_15
JUpbCTpw4ZxRID0fO38w,5_5_20
s0TeXbcPBJHi5sw6uCdi,15_5_15
0gD7Jcl4TF7B7PLMf48U,5_5_20
bjm0R0W0QgkdeWp1FEI4,5_5_20
E8IwRgJ7fO4KfH7kFDMg,5_5_20
8k2eXG0yuPRrIWnLuN7C,5_5_20
7hc18iY6kFlKISv59fof,5_10_15
i9Rp2uoCGjFoG434huIp,5_10_15
1bOrF4mj0SKm2ky0HzKz,15_5_15
VEo6Jt6PbdfHw8X5Ca7V,5_10_15
tkku7D9MZoeHHqeiUKkQ,15_5_15
sdpBqHnTG7tWovmNumDl,5_10_15
suNFWJQQasnvJObjgeqm,15_5_15
ki9MeOfY8clxHvsiLn1X,5_10_15
lNY09ElRwZmbDug4QKTP,5_10_15
ZHEQ0JAgclZ18MJfxg9e,5_5_20
e9A4xYioWdmn7ex0HMep,5_10_15
4UTTe0yiw8ERkNVGa0St,5_10_15
ELZqIVhxDLxiwLfys4un,5_5_20
nlzVbXwzfav0wCcki4Kq,15_5_15
i20XSyvVGKSgYIgRjrLz,5_5_20
6dbuK7Mmk7yjJonrR2Mg,15_5_15
RrQbmCvWx1u6fHWoGwRU,5_10_15
gCYhkeOE4PSMJjcZpDTy,15_5_15
xipllfHz50INnooxkLCC,5_5_20
LxiX1aSH1KEkfjjZm6UU,15_5_15
G7d4Xsxq7HdEZDinEJtU,15_5_15
5MuWSHZ7xLWdzBaFPOga,5_5_20
6MV5SnW602jOXwqWpsP7,15_5_15
aitzyXxRJghU7NsOahFl,5_10_15
NPFiAlkVGKOQYJP6kxLn,15_5_15
scwwex0KogrNvC1a0TfZ,15_5_15
CyRVhsWTt0xV32wvBd1m,5_5_20
NFaXBuZT6VkgV1H2X78S,5_10_15
pUp602K2eRmLzP2Q1KFW,15_5_15
HQyEibbIDcJoYk1bbXH3,5_5_20
bBq9kl2NRAefmmkXpVaf,5_10_15
qhGqqqlkfSISiukptCio,5_10_15
