subject_id,recruitment_invited_to_wave0
FA8OvPwYfBWCM6C6ROGv,1
hgHAiY89xQA0EOPof2AH,1
i8Omv5ng1pgjhYSuJxQk,1
iuzksaAl7aeR1oSIYQ0t,1
r4qNysPnR4M81e9YnX3c,1
imxdJ2Yit5uDFRdxbTzA,1
HIXirBH1VmDYG2LJM00q,1
mW12mcCvJvTrSTWLYGfP,1
3ldXGpLM5xSgTntmyhjK,1
i7tXFpSRGtKMAse1e8Ho,1
HNOz9hc9LYQrYm4Qboy1,1
3JKW5zSXGkFMU7hy3Uim,1
DlgqDFDTBhm3azaOtREy,1
P3If8blcD6Emr7oH81pi,1
WQ5TLsN6AEzG08dUuaai,1
zUoYMIAkRhhPousQANuT,1
nM6m8SlLUk4HLoIteGDY,1
rjnyZKpQLvnf7DCvDstX,1
8mwyokdr12PKDZFUp0oI,1
5sGgiEeaWXdIqrSQzgLF,1
3gcw66z4RGEahyQVR1wS,1
81DbN7euP5SvEjIslLf2,1
PGcl1e8m5kaxuCUoFmyg,1
44J2DAUmP4oa33eVMXbo,1
hRGa6FaIRK7j9S0HeI7X,1
9a6rmA3HTTfVyRjdMjHp,1
Z461K2AhYjH0dLK3poZS,1
B4xA73Nldb5hoCj3RnM2,1
gdcaQlSlTYPXtURldtrQ,1
V5Tx1jP6c8trEn2lrAlC,1
hqp2nsvojwr8iuELG6MC,1
NQPS0aQApEiZG26aqv6a,1
YfEGjNjiKeyitcSdFtsk,1
14v5ozkNiEFvMQrGcFef,1
G70NDfvVTsAVQheihRzE,1
f81zXUoD7CvdNqUSI1fT,1
eupIsJaT0DGhPRxYpQ8L,1
ugmetYJPKn2PqPEAlqOj,1
2o6tSgw09wEiH2UVjsUa,1
KWKFW3aFOM3D8GiRagyj,1
IpVEycSzzPWwL6RWWju0,1
mXwsYfnMYmVkBLgOeXxH,1
ljDaHvoGAgx76hIYhCor,1
4G3bH2IHyVIK4atUuWIK,1
Geb5rWaHWEd3uwguNWcs,1
NxSM8j8zHJPoJjfz8Noq,1
aZs8wpnT6CHJ3p34tnMW,1
WAPJCdBSeV9FUorwJeGA,1
4kOOnie1YhrqZIbs28zo,1
LW30bhp6JsPJf35dZTxf,1
EQcUnvd175FsA5QJLyOC,1
kWQWRj6ohfhOFyzKBIXh,1
J3YL503hXEmtAPWGnxnm,1
SMK8iaeG6GeikqKFeAv1,1
umthPijt9cdE4VLD81bJ,1
cHUwdJYSYjF7TgAvmOz7,1
9RURS9QDBxOxAXzKslIr,1
IYKbdVH3zHeJj7IgBVaL,1
VTwjljLHMeFJ4wBBGr3t,1
Qzfwvjt84nTzY5Y6FjmD,1
pb405xfSmXTuwatIw1yn,1
2kXHVLEOjzWidnSYk5Pf,1
cESXJVyUmp2icdHWBiGc,1
zmmkaj9OkK5HIBg8YnTR,1
BPlxMldvQI0yorUhVfBz,1
shked6eL049hKEaBmQHp,1
1yw5xz3F8agvG6A44c8c,1
WzI6ioTBteMGm9qgRUpV,1
eKfdPzOOh91TaRYeDnXJ,1
i3xWg1XVprFKeJkIGyDu,1
RnQEyUa56RLEAXytUDqr,1
sdP0xt7UwYVx6QCBUGb9,0
0m8Mvtx03NTVAaAm2cLu,0
GY6SDF2bu3vayneZIZA7,0
L3zT8iY3c9deEEGpnfdn,0
hch6AFhLf1xzOJuMRC3N,0
RCrV2gWfwSk9uuU4HuPj,0
anjHfZoe4UgUXeUG4cRG,0
zTt0PnVmwCWZJhox1xvC,0
bmGsIJF6hfx1U1Vwcw5l,0
NTF49rYDA4NRQvxvBBy2,0
dDvRkUhQwoslFqFURJF9,0
RfbBaOcYhNZIheZ2Acqy,0
B4SJRdeMnvSZVO8gkm52,0
lqho7BLGoZS5OORpai7P,0
e5ThhbjuowMl8yVZonYB,0
opB973UodDii9lMCxIOx,0
BVQXcbkvoojsH8ohSYhQ,0
lqmhT3DMOKizWcQjR7UB,0
qd4Tq2EQ5O1jdvZSgDhd,0
xbPQAQQy3KmYXujyV081,0
T3DQQ2tQSAT8ru1GmMRG,0
xeucm00Q0USUOiZfCPWm,0
ZaiPI6KxZbJXurbQHgZw,0
fqW72q81GSezW9MEdWpP,0
LX9pBE6TSNTDb4eAtNUA,0
iduhFd2bRDiLb4rOt1kE,0
k8F6zlB2P8u9iRMDuRnX,0
KfKgT4e1rIjUHqtQszhH,0
OP1PXJ72nmf4TipeDUAb,0
vLIkcysKNk8g198E3adq,0
aRuVj08pGlSs7XhXvV1v,0
4biKYGYA4rYxXVn5Gu4Y,0
ouFOczNlAHcaxVL6djzH,0
g1JcNpdnT9oM4l8QeLgq,0
ZqCXnO7iF8XSvdvJkduw,0
ZazO4pBxhyRgvmniXpL0,0
6RaLQ2xZ082ceHJn0zSE,0
FnnnEkhMJyXP5RfgcMhG,0
OdlRGXwUub5lMuQb97e9,0
h17Cxfp7nZAh7AH24kxM,0
CxGy3HNBft3NoDYlyyk6,0
eOhVemAeENOMaOitnTp1,0
CMtMThAxd6T3GsT3xQtf,0
Zi8AdIWAZjgoDBqchpSx,0
Eoj9h0idq4K3N1x7e2b2,0
ArJe1KvmkJTNycVXUr9z,0
hOh8xx8AaUnnhlvjxQ3I,0
S212lGrFbeNNaltKejk4,0
1TBQb6uvd7oFOYh3DIn1,0
MCgC36f8VkjRXQh65Pcc,0
y78BOQcjNLdT5hBj7nwc,0
FF5qpQ0e7LAywe75ms9a,0
gikzvP6ZbEZVnubjwhn0,0
oZyvWrpcyk8uWt5rwI2J,1
ao1KwgCA9E0ZMxxBHxdX,1
xrgPyBzRkBWXcysjGZrT,1
73VBziJ6ymu76O873xzH,1
X7fyR9TL9BTPesedFSHM,1
nciiSfiz9rBkQGJGYLs2,1
PUguYxmStbJ3njO3QvE6,1
YLxtpxXvCQowi5IFp8QA,1
wcWTQ7oSUBj6RZJzLSTy,1
u4t4k2OmpiVU04zbNOCC,1
478ykMhiLZlysE9sKu9L,1
0xYIwhEZNmYtUh4supTB,1
66TzbbpYlqpFrW3dZjZo,1
naSpbqCMV2qhTHKuXcnO,1
D6ZdysxiWVeqdB4X9BML,1
fgiIxNtSoCbPYjX7tbLD,1
C6wGIbbQNppAbkNXrb3t,1
tq39AVdhg8Gqvrg8ZSKR,1
YE1ySF39WMRjqTfvr1ou,1
J8Acj77zIFyjJqzkanQd,1
aYnbU9AwWcppEvUAV8CW,1
gKX7GWh0B9KM5XDp8ZCG,1
yUxdQDPb2gSSCPyVZRpf,1
y9qCGVs9e7BRXBgLtbmu,0
wpuprVe7NdoAh24nfRik,0
syuBcktwTbiEpRDxbage,0
ah0mKhe7mumokdxDXjAK,0
cvU0YrPU7AWiei9BlleV,0
x2ZY3f12VNPXD0hJ8lfO,0
GeFyEvAWQkLfgPIDR19g,0
6x4YiIwvqAgAzgMO6kNg,0
inRKmd1fyRx6rhWkXHHJ,0
987AO4Kys6ycsMxhglSO,0
9jrzNoxw055tejTG2EA1,0
7mw506NchDotJTvI98z6,0
y1klYy0p6gBItvp2gwIf,0
fyLK3y5el7qZ3HmzZfs1,0
OFOJqAyL0oGKygcRx1WA,0
PPB9Fc8l6V64A873XdYj,0
WY2hrul0BK35zwG8UfpY,0
AQSUVEjENQjuxeAIaUnO,0
CDyTVdi8siMGfaUT8Ksf,0
Kb9ExkB4ejjf1czkOAcz,0
k1Gcddn2bTjR1DP32oSO,0
DV2UKXJFiJmVLErOpksc,0
jNDRNuCtgyQ28HP9OOKb,0
eYlJ2T5nJcBA00OC4AZ1,0
LkFzYwWXbSWxX2jrivrL,0
u8p2H8Ta8UQvGW85BeNl,0
9kfebKHeLH2VLYgLr2Ut,0
7fWWnNo5j1SrkT4cc9Xr,0
w1AtbOaniWmCA0Axeamv,0
fS1KsbqxIJHsIodatE3C,0
78c1aoJOcxfDafadxA0C,1
Y65bdA0jxbNnlKoqUNh9,1
pcfznfidzz1XKH6Te4aH,1
RVk8cINFquSgHhMvBqWo,1
KbLCINsteNQAY48ZSpQ4,1
3io1UUFCm4jrqoNwWsUX,1
hP5XcpXPXYgkutmT45rn,1
1EZRB9eDSqgl3UVCVFlQ,1
xxXELSY7SRFgMCbXsgFq,1
hKVuDNzspwRrcGRvNVWY,1
M635udXLXXLOlZya2Rnv,1
IZx1mKxcQnLip5sp5LwK,1
m9yoHgHaNU5WcIDQHIhW,1
U7J9H6tJUioA2lgTRbnH,1
AshnskZJv5Vj1zHGdXL3,1
lyIrRQDlf7VQBePz3Tdi,1
6diV3J6n3Z3sBRPtJcjl,1
bQ2WjscNFdND2W78bGPE,1
xhAFcS05KyQpx94EAuwt,1
y0Apz4EXKK0SvWzo5Oz2,1
ZLL42EGlGJfAB1gK6KES,1
DXZmHVn8m12CwoMPMiN7,1
gtztE3SaDYyT9bY36zsa,1
veg5MFXmJOzsQLLG6htb,1
zYhFPRyzPf777tyZ16P4,1
njceuauU2xDlljMAcFFC,1
yUoKmHj1j3UEcecuona3,1
5aPAvU4HuCIcuzlXV6Bb,1
sDWdPTkKb557s5yUkLOW,1
nbKC5pzChBmd9vf0kyxP,1
TBCkuGgEAm9KJJThN054,1
GlaEhKWaDsMKfMy0IezC,1
kJAlK7modoyAJ5SooSNU,1
vAYEZjQ3fPJhlblQnmO6,1
aivz3RIGVkX2xs8N38Tf,1
IECZAsear9mMTzv5Vxsw,1
bLPxhhCt4rjoyoQxbzf9,1
bsfsoxETIrBA1gNMU8VJ,1
D39CToAUtwRNxKSNIKcE,1
z2xzR9TZPE9FUNTJTq21,1
BUFpjrp1CMhptEEuE3tA,1
SSl6dnLxxOfq8GnyCEII,1
2dnNGv4ovJIADy7aPnMQ,1
XVePAHSbgwGBJIBYShah,1
T0Xd3K1r3XPYXvAmM7rW,1
yjVmryYqfpa6xwthI954,1
DqmJv97jPGG0bWTtyY4Z,1
e35mhsNtLDjdv1njkRi4,1
U2oZYrUDQhvelc2jaqpx,1
p1PmWt4mtaHJNeEU3gt9,1
cr8Z6fCKq3950wF7rnNm,1
Nv4RlLSn07MRyyo2cu03,1
xyiP4DucSI1Ud2Juwxpl,1
TiyQkiKg4XwaqjhlGez7,1
7i9X1cSWEqdvs4nAgTZ1,1
wJN8JVRMJeos8KmhM0nh,1
HlhlHskud9zkHjP99XJU,1
I3JNnnPW73yakxKdfiT0,1
bic2SBN47PdWZYWhYsDV,1
NI6pM2UO1iMll9rdNSIa,1
te5YXMlnE7d8lGI1C4Iv,1
w6q7xO872MsU3xamWmpB,1
RBR5OkZwjP2GRoTTTc5S,1
aSrzzmHE2F4opgtxcD4W,1
Cgg6Ico6w4ziOtJyqftA,1
NOfh3p7LtiPTD8nFkQke,1
S7inWh4t5pcb3hXY3ekW,1
KxZqCkCSZIciHBR0yXv7,1
GsGUiAzqJmUMh83T7etm,1
XZO98xPkaCPAE8Yqmgxn,1
uLZ1ojkmxi1lcK4WMLPZ,1
JFOjykfyIYW8HBBAuvyG,1
9fbL50kqCONAVWOjYoV9,1
0Qo2Aw6ahSt8LMUdX9i3,1
K7vrCSotT2hhmQpABIV5,1
GOdCSYfYLW9oocF6cGLs,1
PC0umvPzMhBUj4CB1kwk,1
Zuz1ie0e0QJAi6fFrvxH,1
PofBfsSCYgg4Ti1VvHh8,1
8VgcRENLZm9ATjjYCNyM,1
niU3OoEyyCKQvzx0Onye,1
B8X1sGwCyWl77G1Wbh2o,1
xMQPSfr3jpaUL1F7c6Hb,1
XvabpuAImuKQXvIXJjvY,1
900fqtQbOqfanAayVwpH,1
IVZjI3ZwReuPPyBGJKQd,1
vN3pX28KaXsL4erUCBRV,1
Q8xeXZEeleMuYjMu1Ltk,1
Dri2qEJCKoVglp49LZVF,1
kBjnpnb2llBmbGdijKXg,1
nj9aR2G48kZ6fk3li1zq,1
ZHEUR68fR5MXXBvCPkuE,1
n5m4MTOBr96axwTRwRRN,1
hitSh8DBOtYq48q9zNIi,1
8jFYlXnwcY7ywke6DTH2,1
V6GSiBu2wxkmlDW18XYC,1
3d94vsLlqAahIM1AihyV,1
OyrnB2MSAZ4a8qwxi2jK,1
QXPkBy6ZW7xDVstRwKrU,1
TprAcHEItV6oSorjUEuB,1
IpxXBvDl4y7427XgfOlp,1
9ibWa2K4GPUfUiNniNgi,1
Rka90qQI3j670CoTT2Qf,1
HJXWdLriAlaQF9Pq983T,1
IW6zbIlQKOcW4ab6MmFS,1
tx1G0ElvaqTKqSwd7kIV,1
uvw0uxsaWWxpRYVQTKF3,1
8JJDGraofKtZMroK3jWQ,1
zTVdiMsibdYiHlZ24Cbp,1
jBZEAEJPUnz34bQeOfo3,1
IvG7HzPbGQKghBFFs166,1
PGNFO1uXncZqB8En9TDh,1
y1ZrAClLjVVf8zBfkNu3,1
oBGGIUZ21gmxBxeTk9yz,1
DI54f4tIgIRoruK6GEqW,1
gvw9Q6c3Ce9QL5it6guD,1
XiLpebsTiGYRbABnqly1,1
1UqhauMznxs8o7Xv1Vad,1
s4wDeTMNic3QP3ANJwL5,1
cdQRxEnJ1UAbsdQbfHXu,1
2BHOzU5C6ZsoWoFUjHzU,1
kcKew3Sx51fZwYHdVzIF,1
z2XdWYMhwf5DLnzGFHHS,1
k6mwesZOQXXmM3faL4U8,1
T3N4M5vY8kes31tZn9lv,1
M7DMAxmRQvedn75302TF,1
3Q5cCwMylJPbwE9Ns8Ah,1
4TQrOGwPjx7rJyXSP2gX,1
TVoiEjzfJvtCFcuRdKzS,1
GJcKUpjzFTHZ8ejGaOFs,1
rX8cNjpWNOMQbgRgVRtH,1
5l0UtNRXKNU98Q7iRnXY,1
ODwCo5UqxkGhYxlq7JrQ,1
dOAUYb0Q97E69KdiqT8I,1
M9kbCzY9XpfXdXPm8Hpp,1
y26gH4jVQc1iZssHMddZ,1
dxRIRAg9lWCELOa7o3HQ,1
WKzNJRCKxcj21QLb6Qm3,1
L2e4wuXjGhybo800vvtr,1
TvLhUJjb0pWeSJb78cZp,1
PAfFFy5RoHwBbWnCSDps,1
WOWYN0iRTlO4iAZXZSmg,1
ZwZFEc3YuqCL2NtB0IS2,1
Rt4rt2F7upaEQUf1D19b,1
3UGtAeB63chkrjg4f6k8,1
GggFO5SHzL0EipaCpU2I,1
5js4nqwV8NBbUIlYrx1F,1
CfTctrF3qdYc9qHJ3ZLl,1
dDXlGcd3sPMid9uusya8,1
fYtg03IW0WH6gRZEkx5O,1
JyMtPuyBdEUFz1I0ebYh,1
O4x8DAfcvoPuy1mCYEJF,1
grcbYes20E8vm99wlMj7,1
RRVTNkdU3D2o7l56Zl3E,1
mIJrum549bOPkmOtqg1v,1
4OT9I6LSsjgbpHHK55oX,1
YIg6VBrAZPRboVpI631l,1
i6Lv5MSL5vrG9VfSYnx3,1
zE2DQ8tGaGpRwmsNWhCU,1
b4KvGjr2kecj2vtCGLj6,1
9pDBlotLw6BvgG4oS2al,1
VqJFVFXKHLx3pF8NlgQR,1
WPIeFCmpHZK55FDj3ymh,1
c1Xp7FhLq3kVtexOcUZX,1
mT3zLBU0OJUsBxSevQm2,1
WobNqexhjPyfidEu91L1,1
RPBvRfYHHPJmDpjnb8WD,1
4mFdBObG6kbYOpCiJZp8,1
gNkwGH3M22rseyh7LPXf,1
Wx8A4KTYWTxB5MuUZqmf,1
75tG6bTuiJt9l1z4rzAq,1
FiGLvr3mxI6lSw1008Y2,1
JuFFBui3QPdCzpJ1FgyZ,1
yivd4eJjwwVy2EKQVavn,1
ZGeV3sEgqsorNgNRBpxJ,1
uoJjLFv4PoDyYbIQv278,1
Gin4qEB7GHCuaPBdbrvb,1
GYik8VgVg3EoaJChRXqG,1
jGCOLrmmXShHRBY1AvDx,1
ZdB0pLWiThB4XrG6r6HD,1
fEnA9ZNzF81wisDbF0iY,1
i8XdjcyI7WPYUnnSu82G,1
TRERF0w2OLTZUtPSYbsZ,1
qwFkRLURvPxuipf0kO0v,1
6oo45Rv09o1t2KAVvmyS,1
CaPem9oa3pdS5PLlH2pJ,1
bFSfBgYHBmFtdiNfKMoV,1
lccyg4NSuiyorIFTcp1v,1
OBUeTIddaHXd9O30MJyK,1
SJF8ExC6gk2rBvpskmDk,1
cW8yUwiy6OjoHl613iHH,1
TjKdVrUIeWaMPCM5Y6dL,1
Sxkd9vdzv5jfbiCXfz1m,1
Rx7vUMFC3MjwZFYL8MMu,1
uBKNwKXKYiIb2h6zVVJO,1
cTI2O6Yh7Sl8odjwXtkK,1
n1Bmym4EEyDPT16HNz8F,1
2v5EES1wHsJ1SI9hpzTb,1
Jke2xok5dnkKAUg7BmBm,1
q6uo7ZKmTFwwSNy7PLr8,1
BEjkijjCfi4CZCNEZC4Q,1
uNSLJ9wDDNAcevyK9Y9X,1
eJezQ97RF7ZVGXt8Kwxz,1
x43njerodbHApWFpghnE,1
rMVxNJ2zStCRsjL9mpvR,1
KWnNYc0Xj0H1WNeTVDbF,1
nkfeyIwe4h5n9fzwdwzJ,1
juviG472YCIze1qKk6ex,1
DHBxAtzRzEgNXwFkaqz1,1
Dl2S7PGAzWxdY6v2jSsO,1
e0ZLMASUhYU9bQm92uEt,1
1sWzgvWusQhYhqFHu3A2,1
rbW6GbIdgm0z7y5F3Aor,1
mUKZ0BOQcRyHCRRyfcTl,1
XYTlKRj16VcsRwPPKbSI,1
hQqP5TXcMozYY7XAKyYV,1
tu436rJtSFMzYP6ere4n,1
mOeMgLyIQ2JxfD4lcvCl,1
h3vM4QrzRXaxrd1oXIBs,1
r9CXpVweqOehtFgih0nq,1
vUU40zLtrj5XT7uBFLUJ,1
kP69qfsjXzZFzBJ68GvR,1
OEXpeEzSlN4EbZZPzJuZ,1
ODVez5QEz4FdbhsLBB1d,1
qATCeHaet3gbZS1uRIwY,1
gJ4tAdweEcKbaqwtnoQM,1
WoT7SMJXNC38QQdogbD7,1
psPLtklYwR0QXk2eUvEL,1
1hb9s8H9YyJCNFsj7Duz,1
XlMi8B19Uvw3nh2eDKqt,1
CDgy98uzdJ2pn9AMYdHx,1
fGJTbe7OPRwl18ZdHoFL,1
51VdUlIeJSmUUzYZrTYP,1
VbaVJ69qrKdoK8OZ6hTc,1
RE0wFDg307hWuui1rGfL,1
lrSz0yMXt2QsCxiswzmG,1
L1BjvIjsirXddaY5urBb,1
GgGIDhcT5tBKIvoLFTvG,1
ih9IXR5ygzxDhuoJaT48,1
WfN23kc5NULMZ76kBF1F,1
qB1FpCe4h1ssHHrcejKY,1
bz8QrSq16SE2UbZM5vxd,1
K9F1NCsL3jeGTwWfmdwY,1
LQTQ5wKjHoBGWi1B2fHi,1
LlRkxDoOdZMy7vGRYqrQ,1
NlMmJc1uUKPnbvizu8FS,1
MWbtTPBIlj1fFZA9DExe,1
q8K5RRiJVhkIOpqguB82,1
WsQPdJrPveOB4PU8lHta,1
pUke4trIHLAaI6RDoCms,1
mrXZOok2Eaf23ZBScked,1
LOqDOVvuQY6finx0xjx1,1
2x6iZfGdhuoOcoM1qf36,1
iNWHwLg6z6SJIevL3AJc,1
kmcSlbFap9jTQblz0H0H,1
6wSPPCzHRsoYZsQV2x43,1
XJdHRPbACyG7gS74UJHy,1
FDnGp82nudiEBg0QYW24,1
sgC6SpTEPCyQWTYYVvUP,1
sj6VWt0jxsrKKnymlLQp,1
NlYIyjqt8HkjUBZuGWmp,1
6xpSb8iEZREnrfhz4XHo,1
dmVgBX33uVo0lyQqqQIl,1
5CaTquVLKba338kYihxW,1
xWa7OYqRu34iyzJ1gzym,1
hJuccSrloVvxEFFNQV5J,1
nWphy3jyt598KnCVFrJ0,1
palb8ucVG2aJUYFUgdVM,0
JgLwi1TMKwgpVognBSzY,0
AjSHVZDHMqC34mOoHZru,0
Jlq2kotSIZU8xPjWhBc5,0
I0JspriMggjzHJxWQNB0,0
mEDJ8o34uDKbTY9raSVx,0
fMob5PIAG4uvvHVU0CkN,0
nr4nWEaP2MT2nZYaUFqr,0
cyw1BwOQsWWLcIrtQjuL,0
KSQMSuJKuyZi94jGXK1W,0
SpROxB50w0n2K6LdxqqX,0
kH2g82Tg8zIRx5xswPfc,0
pjkkZbWkdYd8e0OLMEzj,0
Ntig3ECCEDX0XEJTTpfh,0
FjmZLABQzS0DDPBPSv0Z,0
gAou5Y4Z1Mw5PPh5r4eA,0
UXlIbCXjtnATknac9ZZE,0
Y2AsZLje42rypslZYiQc,0
qKG9MfWLjJrI7PRl4cCW,0
SY204BHsMi7zvAH0fIX9,0
vgx9JosXZL9UzfUZRM0E,0
klwOUJIT0ssJQ4J9pYMP,0
2NmpbP2RlhOKuFObKXPA,0
7IxDJ0TzdQ4cm1VZXIMr,0
mtfWPGkJGMIyHsOFFMCJ,0
i4O94xBJwRTT0IYTNT2Y,0
4SttqRZPybRzzoAfKT2U,0
YTlhDYoVazZvYOhxfr9n,0
xngsEvKg4ZS7ybTCShmv,0
92XpGkewg3RaW4nckGUj,0
AUMylWDgjxe0Ewbm14EC,0
tl9t3bR0WB86QMHDJ4Pv,0
mUocBsfCT9qmri7hk2Hs,0
QX2vdwmv7O2HfjxHhISe,0
fslqRIVjjYVNj9ueVqKW,0
llsi3wfXJfetYLWD67UZ,0
qoyzuHaMrXS03Ecii546,0
t5TDcRXGjE4yl4FTRVnC,0
565mIhuSvv0nlW04asLV,0
MUQ6VDMdKKFBQpLIxuo4,0
Rx8fSGIlyTd6qQ7EvP7v,0
tOUOgsnzvBEqfvvfX9Xz,0
IN0vSJxLh1XEluMnUl0G,0
qnpOulR4iK1C1AS708L1,0
eyzGzSGVCpCgeEIf6d5N,0
GLwICiJI28aGCaASSQIo,0
XPvlE6mGbNVEJcPUchuy,0
O6NpKs6GiNnMPHd5MiHt,0
S0djHaj6zbghsFGdJiyf,0
iPEFrv7FoyG04VOWMRg3,0
sa3HSFHqa75vdNRpUdnV,0
IaQnxthpM3REWbHB4eZ9,0
fvzwlBJrM0ujej97navR,0
mukt5uYjZxxPlqN5Fywl,0
tROVshOkEmAaAiCKmmiT,0
xezy5p7RNKthcHOSET1R,0
9UsabW24aRtcJ88sP9SO,0
ZxOeE1eOxGT11E5MEHAa,0
6Mln3lT6ngNDYgTuS599,0
oQDxejOx3cke4FIphUFx,0
OWVr6IoLQBLbFtNEVMa4,0
nivKrTwcPMqBoCbcaDHl,0
huHqbRD7igRaRenEEN6x,0
VIlhhDaVk79f8nnX2CF8,0
IesCckMddqmSZpItcYsh,0
LgZPXvM4FrHwb3g4EFCf,0
rkZ4L21VOqySOYZu1JPz,0
ah7MDArTkoQ0CvAoFVQZ,0
D3KkeaQhIv2QkVsFXWAi,0
leRbZYnMdabWlRXSxbm2,0
XsBT4qEuLSKUWR0fBPun,0
UJBzYtK1CJqbG4pw2Tq8,0
9AmGpCSTaA026W1nXuxU,0
rYpE548YpCPUuElRj20x,0
YTMNCEdpzsjYwumJq2KF,0
s0mfi3Oe38FDEFQYTbra,0
gS1ldHJOWHqcDHSFUO6X,0
LiIqj1b5B6mdBBctXKBz,0
8vPAQuwoo1brRL1BoMul,0
yRpCmV64XTvkKInoSSSN,0
txc7J4l1z2OmdUlll0lT,0
c84Z6aquOX6kSiUTwGM0,0
z6p6Y6HUxOGIWQFnkN1n,0
7lAv2S1oelqHjtFOVnow,0
poj4xnXXFk8S6Aexzv6P,0
IjfioYm3m6MOIUFDoRdT,0
rAOs5GLEnQJAmA6aeBTo,0
JfuLTZzBm1rKVaDF3iGC,0
OkjKIVwg0aFYPTsClJFA,0
mmpPANoRfSzQEDo6zrOx,0
KNjoejyZzWWgiXdTG7Zy,0
hBj1erd73XSIJBrnti8b,0
wsbLXg2JbmJy3aBBssGh,0
kIi2vl3OBOxze88HnNRC,0
KQLxjDEG4pQijeTm5iFn,0
77VXErf7Q7fD9AAcGCMC,0
Z2xJ0AcxrhRVOjfLOwj2,0
7EE7gUa1POzuD9ZEI6Wu,0
arC9kDOovLilZAFxXEky,0
N8EAhiE0014kEWHqGVLC,0
GQmZdyoOKRBjibsUJqpJ,0
f0Xy9sXNR2wuZvRLWrY8,0
cZJplbs3YKpOWMfgcFqh,0
H7APIIacW28bNDbqBHCt,0
mkDHYHq2xR2cysZJiUB9,0
OWQ4tJYxZmCnze28wu65,0
4VYlbsMi3woC6PQ9dZD8,0
XU4ZQMbGa3Lj9WNKpgfy,0
Plopp64ICTdnNC4XOwAS,0
56wJjE2tKo12JGRuBMYG,0
9C9nHsPJG2Mkwc0Kl6zd,0
E8SRCSDDnz5MQIMLps9w,0
JYKvUHgy29tgBK9vxSoY,0
dDfFbpfPBZjLzs6JLhCo,0
ONrC6DQo0NwSZxtSC0H1,0
UveOZRRCk6M3zNoCOrO5,0
zFVbOCrjSl2r4OgVKyoW,0
OsIKSRp9JeeL1KEI9Nle,0
UIW5xAzIDhwDNswsrAqU,0
4fQKhwvM3XFZ2Bst8BQK,0
1d8OTVi4tey05Z5V4tKH,0
euEgHeyV2MkbxxI85pq4,0
3DxXYU44M6p8kOddPA6L,0
1d4i7b3IPkAcbDHQtbfY,0
MSIu0fx3EjOKb2swUBN7,0
VRevTjWyMjJnX0EifqEO,0
LT3YkdT5qMwbHOJpp09Q,0
GOfszF5HKcSRsfGmv8rr,0
vdiAIOdpkv6Ishg9B8ov,0
cA3IxO5M2NSc27VDq88Y,0
OVMlQhVcqYLMNfI81qyB,0
mxzMyEWfQyxbzDclGKiz,0
VlK07Hw7Nr2s655uRVpz,0
emgHlHOiJA6Y3UMi5TRa,0
douXEJ4EBOwORUvjznDR,0
lbBFYEj57s7jFuLGoYhb,0
XxMjjODoFfCfih2dGFdw,0
9XhFGFO6RL7MxxoxWLpe,0
ar7v9p9CcVBVaL8ef6Na,0
UFRJdGUwd0moGbSE7cst,0
rrYkTrwh2TMMv1IvrzIl,0
I9gmFwCO9p5xFLn4C1dI,0
5rxKrOdtw9zi6iZjDiZU,0
W50RS0BSWDoaNnfz2Td3,0
8TGLPTRU6zzng7ig6wje,0
0He9HysyPCtTN8ogIXbb,0
WcYDIr5gBqFlqQCfLO1N,0
Y34n1ewFozPlfrghTtE8,0
48dvG28tFZvFxJS3gubp,0
RFalvbYJxC4UaWeVP9Bl,0
BVLzRiH7EOPxi5TjRmpa,0
spew82wdkX0wW8aCfVN6,0
2CravRf3YyoGsdVmXyLB,0
E9O61OUvhJVPVNILNVKi,0
ggUZHShAMFgLfCl29kzl,0
uhJmCiYPKjC6kXjS6J2N,0
ZR5Fx4ekOxWItTtVL2D7,0
eO8ueo6SY6mgq8BrsPDn,0
jrnhmVKt7CnPWS0OWMII,0
4FSviDE1FIxFULHiw72J,0
IZoE24O0Bkv0neEKbx4H,0
3FnAXEVk96GR39dpvTAu,0
2Xgbp4RxjncszaJ0yNdz,0
UHo9hzYOvPmnvRFiAHRN,0
ssw6lvCnvrisvRGBeBcS,0
hgsF3OhmmJ2iKUUyx8fB,0
4Jcnq4L7V8NxWAITZzbt,0
RGpC8Kb3t4NbLFF6ZBL7,0
frdsAiZHlEcYXnF4j3Zo,0
v0GhUCEdOuSpaaqYc1mE,0
ZTRXpGxS3z6vhaRnlrCJ,0
A0ZERTjB3QmbFrsO9HkF,0
Ej5z29sm0UDZlC9VSn90,0
RuJJKRUlyxtRXzAiEC8C,0
7g15dSE5HRozRtACCr2t,0
TMPyNQqUYmFpDT4dIx6o,0
AgUaUGHnrmh9OdHfzKW4,0
g6b1rBBesjyyeCMsmJgr,0
f9SLvrBHkn9TRQ3evbJS,0
XTTtLZjW3GfR4y1pfMb5,0
NuwYsAsVQIklJBBWq8Wb,0
3LZAdXLXW8LPv5UZBAbT,0
LCnSsbremU5Q7zt49bLJ,0
jwJ6gpnIAf5w1x4iQZJR,0
7p5QU381QSJDXva6VcAw,0
z12PQ7ywNRzG5y9q4Jdx,0
TqobM8DjjMIEJpCiODC0,0
hxB1paIPDAfijULjhPt7,0
7TybBIYEeKVKmA08SM6F,0
zyNoCaIsnOcVl4l8Gqbe,0
oiB7rHKgdBPeLOrEVy8J,0
3ZJJkbN9wTy3TgFAdEn5,0
ZUtrBNUckCNMRwAoaqgK,0
XQhzcgzlcOtYfyNA3zKC,0
ZwfThJ6kFocbfC0Yv9zh,0
uSJ854owFJHsuLYRzO5k,0
yXKjMB4nqFj2OMoz4h6q,0
imamFek77c343RpRDAGg,0
5AR1by9iF7GYn6VacWs2,0
sGY2C7QPo7rl5zlF7DMI,0
O5kGvUyf5F9U0g76tUPZ,0
kcczRbVHc01yZZkR4aQQ,0
CMIAPiOwKLBSjx4bL81K,0
LnzLYBKeTmWgoITknjHO,0
qzyKahqbmTXJImzQbAvk,0
uj0g1xn3hq3armVSVrhg,0
g6pODP5UB5ph2cKudrRY,0
Dpy0ZJR7c200xo4K2TsY,0
wUKbxBDPeXOCsSOqOoEk,0
jcKz0LqxmrSFUKIbsWoP,0
UGgMBt5WTgrxBMIjhg97,0
hMy1CoVHvgJSiNDUIPGy,0
gRWjgyPvPU3jKX6Ko3qt,0
6Z8NDoM51kE7i81g3WYV,0
n6QoCzvjBZrMFdr5sqeQ,0
Ew4rSo4wQ4ZozdqU1dqG,0
4uJkIpXH01fQbX9oMtfJ,0
tYrty3znRRmc1g9MPpcg,0
lSB4ZB0PVxJP6yXStgVr,0
6PdtO1lNoJSvhlUEwSjV,0
dWV5hACB8KvHOzdas30M,0
2xkytJbQD16EVjGTlD0M,0
pTyhRuwBnnGiWgIwTwen,0
1XYOTXFRZBtd81cqwvbD,0
2MByhaqdDuj5K1nAPbCw,0
EeIZ46JFYsTWoYnpTrzT,0
GTc7oSSycNlKfTTUSHyT,0
2EBR5PxrDKIM9PbkumJd,0
AmPzvMj6smfqNoZZyxUi,0
au4wVYvV5HkGdhiXEHYb,0
S86kgudNDYlcMTOXeRnY,0
e2qFWhdfU7wR9Uzzo3m2,0
0vlgmACAmDBfBXWLWIms,0
JzQgIvmCrowu50WbiyOm,0
3xsCE0EwXJNYaaTLvTe1,0
aL3XdPlS5m1nNGVgBExr,0
60PDRISPC0I4g0R2t7KM,0
X99p2ZGbPY0SuG7EyWOg,0
rtwBb1MTfA0t28zSSkxu,0
g4lRaTMYPjF6yS3WRqJx,0
A6vN7TSqlwNDThL2tLyN,0
H46IFGeMnOhEyOknAwL3,0
TrIHGTVCr5cushUjvQl5,0
NGUBDRROlDRa3k1Rn3tY,0
FXGwbhyrEyYo9U17JwNB,0
2TYvUAPK3wSB8mjxzvmR,0
jFtYERi1UAtw8qLaQgPp,0
qtbYZSyX7lk8EAUyDv7T,0
PIFyuMNKc6Q3XvQBRmEp,0
2OJRuTW1wt7tqmbmdsEw,0
gz9i5BvEMJD141UEXxL2,0
Rbqkw4z7fGy8KhAKGx40,0
IqotyQWDUAptFB74jREQ,0
bV7y4e5kbJjLuSed1hiB,0
ds7BaUrI4zreUMrfgEJA,0
1keBrcY6gCSS1gpKVAmC,0
Wc0lGrcA6FlihW4f7Rpg,0
FueAX4t3qeagEaI5o1GU,0
HRuo8cPXDFYlPVwfli3f,0
kRV6HfvP5pwzMWVN2Zbs,0
Ecr1dhnM4ONPLY3zPgJL,0
aMChNJoWI8exoaxKQ9hY,0
NjiG7oSnmj4CBJEXXoNa,0
xiUbNBz25QTeGUc2h5Aq,0
L1hYn5XCL72lXxZOdbVp,0
NQK3LPdwgnMhLYUlCgrJ,0
pVHNir1Y3ELzpVAJ0fgy,0
57n0SPux9bcRiulo8x8B,0
tedSoDoxX26VNivBJVe8,0
qgqi7TfXZfDDV33pldKt,0
PlpQUf402JTaUcTdQhZd,0
iBwGlhAwuQte5mCWxYgv,0
uOpfgmVY9rKkW8xRU61P,0
QRlXIXMC7HuOuQULyvRT,0
BnLuOGgZlKkwtUYR6BnW,0
JYGPCKqFhsafTVjcctBb,0
KzThIkVJbxFIXrcVjqJY,0
CeKmp1QWmXoAhvnYx285,0
vlcWl0Dhah5nT5nwr7ED,0
xdBUrSlcNKVVDgyAf849,0
jsvPpjiQ3iUybXJ0hFXo,0
84XdojjfTjnkSNizwkIn,0
Xa8dhJEhALK1IGrJH9n3,0
rOynXNnhJPQ9krrJofIy,0
yVODRDNftfJMQ0feOYMn,0
m7Lm5bfReGeA7ID2L4RC,0
6zjY2lneVy3VgFeKwsZE,0
4K7z2yxts9aE3LuR0CrB,0
xqiNbnxjU8bGvlNoTLk5,0
PBM5vNazs68dnrtqRK0B,0
cSB7nLhaveipjslbHUiO,0
9LToFkLPoBlBDDTgsp5w,0
O1XJtfSaKDZ21eipgZeE,0
Oz8qDBPZNCbeqI0gWTjT,0
wMEEtyWZLkPs9WaSzo14,0
BmC1pWf9ua39Qhq7EAg0,0
oo1TwSxb5VUawyL74DQm,0
jFwXUnwihVGjZ1hUOJTl,0
0JLp11ObgcRrB6OJumRC,0
jCZPe7dtfsxIYV1OcjBm,0
lw4B49rpcKkJ3CuPxKJz,0
m49M8y9fS2OX9fFLQGBJ,0
QO3s6rnWdWq0tbEQ25YC,0
UDKeoT9FJXj0sWq0fNWc,0
6KYZMpdwsDJcRi9RUUL5,0
wp91Ztrxhn3mv6mBpln7,0
pv3568QahSMSCHGwvxqe,0
0lo0vX8gWMDmdGG6qBKy,0
OIKkM6pDV3pJqeu2WN7I,0
hO3cok5QDJcheZRoqkpF,0
U7xVeEPGpSXj1jesQ7BR,0
W2iEMJd8NuUDNG183Xu1,0
9wD4QGrsZZMwlhDrfGXK,0
E68dTXsRgmrKYmL40TfK,0
C3v8a5o1O2a7LJvAdTSn,0
CQ6LcW9MLeGbHsZTDKeN,0
hN9C5hCM7SzLHCwRS9gk,0
7vHJwSUQBNXszuD90r7W,0
pORHvUHLyXZEezapA3BI,0
DlOzAIEgTpoDqZkAInwz,0
KhjiuSwNg0Ivt93uZzQj,0
cLpp3Dg3gdRJT0yUjX74,0
aXh1C67cZVLzJEOFAVY4,0
6r8XRk1jkB8qrVSdAi8r,0
CjE0KlnGzeyhGTQ9OdRe,0
HCgTjicA8LOngg72Hi4M,0
QflOl99U9VjhLZmS8wP3,0
tsiDVUTEi8PukfQ3ysCN,0
3n3ZwhaQ5XPwdW5qUwar,0
j2MVvto2jS5RoyPjazDh,0
wd6XLUScZWS2lXvTCaHv,0
sTsXJxjSGkTVjtmbJc3o,0
IaRjfEEkwvZB9rs6jFNS,0
4MgxzOsLBDMJnZH8uSqH,0
xizSAy0lPFn8vJbIZHfM,0
dnXC4qVDD2zDh5xmWn15,0
XD4COnSbaBHidredy5uP,0
o7SEzof95EqYylh1DNDE,0
ReddxMeMBnSxGOIonSKG,0
aSzNofH58zN8FGChuNy2,0
Ap1UXQdHEtrCSAtIswQT,0
EHwivcXQVSVZGzLfRKTl,0
2BCPmzLXyl7STrfPbP4S,0
gwJaJmjjuavWtSYqIkLo,0
qAc5f19J9sJg1NfNhz8N,0
t1dWLTTrHVARviYqdkoN,0
HnyNMJSefyJZLn3PDe3r,0
7Gbugc1HdB6oK1yYyzlP,0
BfJ63cm8d4ahblMG1V2A,0
VZyt53zeYKOMfEbXnXmX,0
BXHbkD1Ug2tIiqYbRgqN,0
kCXQWFvPdSeQyOoMG1Lo,0
uxjWSajVXPZj6yGK2wao,0
UacEUuRIigLZHCKSPSuS,0
3OW2YJkATSO04dRvwe1Q,0
DU3lv0cr6pIEaw3m1e5k,0
pFRq2IBWCn9K9CBcUxW4,0
AjMgtwrSLZaUDLu7J15t,0
D3UKzItuMT6aS5NV26qR,0
Qu90f6TzXZFKjoKBKg68,0
mZYE7YvrLheuQsD6KpCE,0
2RWYgG7Ed6P00IXyd97T,0
S9mIGHC3T3Y7QXQdL82t,0
yGETakxRYCXTeeDORiCM,0
hzyaxrTRge6lJcxWO8P6,0
Q8YsI0qRxpsLsrYnV0GP,0
qDSCMy5LA45pelJ9n9o2,0
RCmcekD16sE0xmWmVSv8,0
asSoh1sokM4HFPoQP0V5,0
TxHCPTISiPZ8bgY6IABQ,0
LD2dpE9aRJEkdpCzyUhe,0
Y2tC0h5DpwqRrE1zMAAo,0
GazukBv4dOeRMpPrUoFk,0
kazyN0ejCJ9WXllx4HQx,0
sFJP2ml3TKWGh7ww5Djy,0
Ws0mYxaBofNhxbuMhit9,0
bMxeNMPJ4qtycrmAVjOH,0
g5jRhB4zR5RUBvvQIlGN,0
LonayMLJagb7iPzoAMln,0
tzNiMBY1o0GL2Soc7TeI,0
KbJ3Mu62ojTgndQ6M0xQ,0
IoKUP1HVmZvl754tggmC,0
GiEyTi5a3FJOUVisBIRP,0
KqgcjufY6PGK6IZyJRrQ,0
jfY8OXliJbesSOibijGW,0
FbQVSbm23cOtQT2OBiAd,0
DXmw4Idk7i4Juyo4o6qr,0
X0L51sDXLZ2h7Q0oxjeL,0
j44RgbP59BcmElRkkcjV,0
M2vf1GaP0ljowNAszy4k,0
zXRebifpAqqMKet2qByG,0
TERqi1X2Zye9UEtpatpX,0
JRZ2vN6jjD7byeiYlym7,0
HwquHZxsXjsaHHY6MmsE,0
DAYLpOYaaCJ1RBh3SE0g,0
QR9tZ8T0O0H8HsEAQi1u,0
ij5Y0UD2tevDSKAxBQQe,0
6AwonygZlO1BztRtVttM,0
3S63sKcrI4FGDxuoPfl5,0
jeXMEB1RUmV2kUBOd3Sj,0
0b2i8NwerFCqdiIBl5ok,0
pS5Mg7A31KgZpEzwpxUe,0
QEO2xwDRTP5KB5VxJWk6,0
RsHRPwW71BOiXMxY1U9e,0
nWrnYpAfdm2Spdo6cTAY,0
FCtq0ncSTqYfWF9DUlK3,0
b5aQ4DZd1ssk58J3mS1X,0
FJ2aZ9StL9k2XmJg4Q0E,0
xD9lBQtrHscKZk5UwLb0,0
Mo7LeelIIDnccDcXWkWt,0
dUhIDUMxSaZMeBUam6BK,0
6BXDsn9PbNQoArsFrq2B,0
Q67L7FIoeIz3ghEPrvU6,0
pmGy4P7JClf67sPtU9Xl,0
ySR2dFet5TLT058NIVF5,0
5LXleUQGB4sqFIlZM4Xo,0
hcuOPHuMRkes12Z5bvlN,0
h2i51UzYMhdmQLz3ejH3,0
Ef5qSKi8I6sYiKGdBo9h,0
JUpbCTpw4ZxRID0fO38w,0
s0TeXbcPBJHi5sw6uCdi,0
0gD7Jcl4TF7B7PLMf48U,0
bjm0R0W0QgkdeWp1FEI4,0
E8IwRgJ7fO4KfH7kFDMg,0
8k2eXG0yuPRrIWnLuN7C,0
7hc18iY6kFlKISv59fof,0
i9Rp2uoCGjFoG434huIp,0
1bOrF4mj0SKm2ky0HzKz,0
VEo6Jt6PbdfHw8X5Ca7V,0
tkku7D9MZoeHHqeiUKkQ,0
sdpBqHnTG7tWovmNumDl,0
suNFWJQQasnvJObjgeqm,0
ki9MeOfY8clxHvsiLn1X,0
lNY09ElRwZmbDug4QKTP,0
ZHEQ0JAgclZ18MJfxg9e,0
e9A4xYioWdmn7ex0HMep,0
4UTTe0yiw8ERkNVGa0St,0
ELZqIVhxDLxiwLfys4un,0
nlzVbXwzfav0wCcki4Kq,0
i20XSyvVGKSgYIgRjrLz,0
6dbuK7Mmk7yjJonrR2Mg,0
RrQbmCvWx1u6fHWoGwRU,0
gCYhkeOE4PSMJjcZpDTy,0
xipllfHz50INnooxkLCC,0
LxiX1aSH1KEkfjjZm6UU,0
G7d4Xsxq7HdEZDinEJtU,0
5MuWSHZ7xLWdzBaFPOga,0
6MV5SnW602jOXwqWpsP7,0
aitzyXxRJghU7NsOahFl,0
NPFiAlkVGKOQYJP6kxLn,0
scwwex0KogrNvC1a0TfZ,0
CyRVhsWTt0xV32wvBd1m,0
NFaXBuZT6VkgV1H2X78S,0
pUp602K2eRmLzP2Q1KFW,0
HQyEibbIDcJoYk1bbXH3,0
bBq9kl2NRAefmmkXpVaf,0
qhGqqqlkfSISiukptCio,0
