subject_id,group
67wzWEdx3Wws6nuexAIH,sup
Ac5ZMy5LVkFjQHr2ucen,reg
5EPXWl4PDme2kqXHiOBB,reg
iNTbsxT1Zr20ZU3Jqrah,reg
HOO4ur5obRlBT92ilKG4,reg
MF7ywseHC6Lpx2uLgz7R,reg
DZUgv9oj7W4cnQSVzK1K,reg
tqhjQZRcZufpwFPq9bzC,reg
jyeyCfCN3CfT45Vmut9E,reg
a5F2j7cvabLVMfvG55nK,reg
SeJ4vAb5fSKntHwlDaip,reg
fVHHTZLFRLllmKkI5FbQ,reg
dFi2sGOS1gEWWg2KDXcs,reg
SXkZQJ4KsTJedVvYz11o,reg
qexjC6y4MMUWHAt5bqvh,reg
SNsBrz8Txh3QpNgGXGtE,reg
YwWY4wrREDr4JqKcAYda,reg
YeRdbvf9GxNqLon77FJr,reg
r8rsLAWvh28zXii51d6C,reg
imzJ4CtSWENkNaqVkVEV,reg
YPnkwtG0Yh9ThBhomIz3,reg
FXNfR2lV9ClIPXxZykfZ,reg
mcxXOYXKL7wCD8w6U54N,sup
mfB7GR4DFHz7xsbRfA2k,reg
jMvKQGGIWwFkCkL6nSR3,reg
V3lv7Tbkn9gp6fZ5oBCk,reg
tz0SRD6z9NGXGVGASUen,reg
KVdaeOj3Eyn3hnPNiffK,reg
wFaqLYEi8CtquigOCMqs,reg
l262n65OM48mRkyAqfw6,reg
d5wOOcbj1lhttP6hbs7Q,reg
7GrCyxHBO12pzCQyoIY7,reg
Q8xQjMfeUVXmPEqv1H7b,reg
EtulJVHuPSc3ZLVKBPtb,reg
RctqWxB4n1lGiV04yyqp,reg
IMkDozWulx7wu0qVyjW2,reg
G2076ZS0IEWQIAvbwCPT,reg
Mlh747YAui02cXxoOo7i,reg
LT2PWfa1d0t3mjn0w4KZ,reg
vJRJChfTlK7VWnxfSpZN,reg
8H8WWgUxO1NIYnqKYUjo,reg
nRx0rliJogqoAxj7jXkE,reg
gSZl9DZU0bcpGdNUzSVU,reg
9YuQkyei97xjOTwECX55,reg
tRx9JmpBrmkYYlKNPmY3,sup
CAcC5hbZvjs1aY7hCZdQ,sup
UJxe6MMlT7CL4FXcJlY2,reg
vu77T0koXg5qo4p7i7Cr,reg
kFgvXkoIlIrHD1GwLKbq,reg
BTvuzuxHb7Vq7Dky2Fgc,reg
piTJXDJA6kamnbAqQVSc,reg
0GHoG2xHG1S8ObKb5WSx,reg
kLCaw9Ph55qb2xqEv85A,reg
boffKPQBu09LdqOpXQOe,reg
F2DvteunZgYFdBB0EK9W,reg
7oqtXRTtqemWKjkCzH7m,reg
6Bnbr5wfMsSoEwr4RmmY,reg
kWCRNYdWCscmc5F9HpUl,reg
NPDs44Y57UUyhFWDsck1,reg
m2HYtR7KxdR1TQFUGcgN,reg
ZIxkkCoVniXPslnfN5ix,reg
HEX7q9dj3YP6yeKjY1io,reg
9wTkbsbFsfFH5zqcCBuc,reg
5Jqzges6X72YJR7IVU7C,reg
tnvKkJpoe2VvoCKQ2eec,reg
oO4EVyNmcCaw95OzZ81f,reg
YxPY8EcFK12BGCSzOjD8,reg
mZEAElQkyXQAhZeMGqc0,reg
713sXb02mkrHAlE48iCz,reg
TwhLb6p4zP55k4WSdyjS,reg
kDIX0ZJWZ3pWQTpnAclk,reg
iMIXS6YZaNz1hJe1rfHh,reg
YCguWrzx7IZmBxoe8h7X,reg
WLWN8Q08fR7kHvqx8cYI,reg
fPjm1W83lmRxRhL75X8e,sup
xoO6skepz0KramQLSPL9,reg
fYYeEuqg0YweG4TSiBsi,reg
QYTw42UtRKlM8nxgTDZo,reg
cAYYkpIxMiubqvZJv80N,reg
1h05DmzN29B6FZZR67pP,reg
2pScWifucpmQZvXoZCw3,reg
uQsTKluXIBBL8fQW9XnR,reg
U3xR5fFywsrVpOBA8QLl,reg
etnyKJ3NA8vLJWQgHIDJ,reg
LQFsi2uTFNOrCHCY4RBw,reg
YxsciWh4LBDtAl6lLunN,reg
imxFcTXtwyNUY9uOjkct,reg
lky9gKMGZreLqNRfLQb0,reg
0REiwYHX47zX4qbePYjN,reg
gYQyYFdGcutMxasXnyBC,reg
tGZegyyiWppuB0tUkXWz,reg
WZGI7tv6OOdwYyw1ikSg,reg
h4BsMeQIsxfUoLOaxX2M,reg
JZiTwihTC11GKlKM07IA,reg
FyQk8RCQanKuLqIoDMwE,reg
Dww6f9XWMbmfz4VOw6gr,reg
27zndIThTEYpFGYGVZuQ,sup
4GTRnJB4Ccgz8H7wKN1y,reg
nXrWuWrFSoAGmQwxrc16,reg
YTCdrhEw3QpusYHlwbuN,reg
Z4ROUHLW7slQlkFxAIiK,reg
3uJI4pjYUgXyX1Hk2qIL,reg
n67Cb0LnyydD86IYfON7,reg
uQRpUbhzyEcG4FbBbFXW,reg
xerEAhCM3QCii740dMOT,reg
NbrnTP3fAbnFbmOHnKYa,reg
b8M0JyK1URtbzEoC6nsg,reg
GFZDz69YiwKEpC8nh3Kc,reg
T2kSSE2Q1XBgo05rbn7y,reg
CNX9AP2rnXxONuGYEalT,reg
C2j643Zzn0MtOb718GPS,reg
UixxkbQY5Kl386J292ei,reg
B2owtO4LQv4BlyKJysbj,reg
sBFTgOui0BzVpYvFfxUw,reg
ePV1AgHR8WO6UjCufdXI,reg
RoIHSTba58R45QQst0Ei,reg
OKkoJg89OEyY6J8GFdJ5,reg
im0Ub37HXaZbm6JTGZsg,reg
lXZ2r1fpYESCuTm1BCrK,reg
hiygULaa0uHK2uO9chan,reg
OmDvk4v7NxuhAnLBrkbW,reg
fzuvw9IMx5kMEU5m0lQu,reg
CVmfiQuobm1ux4zBp3l4,reg
to0VIfIQSnpmoACV86zs,reg
rhddayHF97oSYI7UrdRt,reg
IinbrDyMN0ssVE4u2arl,reg
SaTNIzNqU9ozlubeeh5F,reg
wQtadQgeGBUtR1EtHfet,reg
Opi65eyMrbyYjB5bwRMP,reg
Ktd2aatpEAfmRXFdSH7f,reg
v1mwVf4WYtQZCRIkcfBG,reg
Fh8Etkgq6MyfQfZKnifu,reg
THM75FY0853siUB2wF5J,reg
qXLy4pIlDDDoNenqCw3e,reg
GkiqmzJ0S8PQE6pj1KSL,reg
wdljDfBFP8vSh8MQ2Nfb,sup
CW8zKiKJE434idpLxkzM,reg
tWVab4P75BG6pBVotEpy,reg
LxtXIECwYcSxnNetzXg7,reg
GPD6F9DZ5KZ649zqEkmE,reg
QmiIsfJMHx2BiBt5SDAA,reg
LFuMk9TsuZHRsYwP8KXS,reg
Sj53VnpD3hiHSfQ25VLN,reg
nJ0HkLOrC2nmyp0scDU7,reg
1EicOlsQbZR2weQYUSE4,reg
zdKF1SXibeBH26CpiufK,reg
rx776GuiHbM1PcQzqCMP,sup
m2g6jSBVMT8QMYfBVVps,reg
OmZM4S3itebyEHtD50je,reg
m2Fqjwt74yVcOuIbS4Jv,reg
cAkXEUHysAs5PGMxOiGm,reg
OzRL0M3xJ0pxXrCLdZtI,reg
AIQN4vOEi8eiMaMC1O4l,reg
j49ae9H3AT6mRC6ygqv8,reg
HqfnXYULelL4tEtMA05t,reg
OC5Ou874A2Om0SJSUBpC,reg
koseFfJYBpIeF1CO7X2W,reg
lJy6o1qMs4RSnE9I9egV,reg
BjbS8RCmcCpCoec1wGrs,reg
p6gZwkCYLDi7vWOthkM3,reg
Sb9ITR3v8SvNSOYKclgo,reg
EsnHWHltxFFWBvnaQ7wt,reg
HNdc06PVz0oRaFxMPMDE,reg
J25yHhTCXXEKWYI31OxK,reg
j3DeFL58jegIOcc4x1ND,reg
ToeVsNlqNWNSypLVTqn4,reg
MVHcDME931E94rnJdXDH,reg
qKSTkUdYD2WOZ5b95Iae,reg
FMzsqWwp0Rj2W65ySPuI,sup
G6LvMujrQyj0EAuVo6Uq,reg
sp1prp6yBqCbHrTIgTfz,reg
A88Jsbo66uN924qfUcBz,reg
xWQdFRmSIiqhB2rJAjsB,reg
uQf7PmYT0a7AvFQ1QAd5,reg
9NyaXPkKlfyjubys7IoE,reg
m5GxKzrhPxqHAF9y2GDA,reg
KdXV17I3V0fPvMAidxdb,reg
WTslF06a8nHFUAWr3vIT,reg
XGaVXviFC59TLyx7AKLq,reg
paNIkLAolYQLDWiJ1rc1,reg
jfgGPVSQ4x67pzX79NbQ,reg
2heUGNZnvLjewCSzcWx3,reg
BgX9DZHT7atuF2UAoakM,reg
OIVVHySbyldeVJ73alYK,reg
NH3PiPNoQ05mlw2FESiA,reg
O88gcs0iBczTV5V6mLTh,reg
0PDGJ5hkAxxmw4ziCQiz,reg
Wxud7qBE5LlEiVnN4Sge,reg
ahqI5UhcAQ9i144vyISh,reg
wj0wxrv82fTB9XrX8A3i,reg
yWx2uJPTKZJGfAOeaat6,reg
tN2DQnbEI0nG5Nu5ogz2,reg
FuGtirjyvrzCpC7neCJH,reg
3TUTJUD20hg4uydW0nPU,reg
LSSNI9CJdMEB7kIIdv1j,reg
tLdDkwsFunR4YoLKVhDr,reg
s2iFKXksYCI6HlXvQbOr,reg
Z7HAk5IK2pAcOuvwDVKU,reg
fNDTW0uBz4kj8OONwszR,reg
WAWHoPe5JEKCIYk7egYV,reg
jZF8v6PoTY6RXiFVy6gY,reg
OZM4OtBJTfsUkiH8G4Zp,reg
hOdVHTzPBsd26UMRFL3Q,reg
JYNcLggG6xeng7vhONOS,reg
phlNhPic9UTQin7JOSZa,reg
GexzYjhJP1cjPlyIYmBj,reg
L431K0ZDgV4wqUR7XTeo,reg
4ErLxgNrw5giUuWzjjsm,reg
w5ROjuO9oQmzFgChYwnN,reg
SnRg4VW74nsig9pvR2r9,reg
ADb2b1AvtBmftDmWdKWN,reg
OVgWfxnQzlZGGu16OAiF,reg
zQWXfv1bkA4TCWyaSiIJ,reg
zNchUA3ho4s8iKcEP7I5,reg
ZyEbe7eQxt4YlalJLb89,reg
MtfjG8ZV0QXtDTqQZXmz,reg
zah1W6BFCRy5OdKRE3sk,reg
KfmD19e7Ufz4zISUilxI,reg
ZXe1cb51JJRzhbuXMZ5f,reg
PE7n9OgQC7f5NlONaFnK,reg
3lUidRlitol2ksRqEJvN,reg
eJe3qRvwDByKSjmBgEUc,reg
D3ShceKj3iyKrXmCrB7j,reg
NneQhA1SAtPySGJTD5kT,reg
2hYKwrUAuifTR0RvADka,reg
B4CiC8xT1jfHRpXt5XKT,reg
r0YGbjPmUjrp0QsUcYg1,reg
qNLXBxDuHwW8GxPju5Km,reg
JghZ26IEh9DgoZlVXoMB,reg
daODboVggv3HjxF3IKYk,reg
BTnpcne9levPSXUihg9C,reg
AsoaxzIykTyxqAoV4YQr,reg
VdblB6kOjPuNZJSookux,reg
DtIWdpYT2DiX9JYyw6um,reg
uDwAuOeTAbfEsISlrm7L,reg
WI3KBFZmJjw0Lxdzzcfs,reg
5YbhiAWE4VtpOkgYKiOV,reg
ma3tSscD5k0uqSh5XnvX,reg
7dG3V43eUrUZJTJAXX9i,reg
7ZrCtQXlqPC5hQYHBhlB,reg
1PZ7AN1rSrpFAZ8fgXpE,reg
gatwqilBIzbvfLuxsyf3,reg
8JaYb3F1ROCzvHGVhkAk,reg
swOv8V46B4RZrXYTCYCb,reg
pt2W0izi84dQu7fJwQWy,reg
ftg3eOdbuxVc1zJ7ZYS2,reg
zoxX2w6t4KHJ9jlRK4GI,reg
5FK6Vbwq2sUGNtVEgaFU,reg
AMdGiZCShW6RizBlKSmC,reg
4R3c82NvlMXa6J9LBTFf,reg
Q3ZWnoAF8Dfd8clLWhFj,reg
OqVMCBzCFg8z0NHsOlP9,reg
MqZ2PnsrmMV01MfTVnxn,reg
Y9lj2tOrXl1hytUGa6Eg,reg
ZusQXxCm3jbGtP0NYMhF,reg
Hy5g7Y3sJf9BcHPqEZ8p,reg
a3DIbTUvj9aMDSKRRk9c,reg
ly3SmgBapcmQnmOXP2fa,reg
5lwLca1YoqMii4EVdusQ,reg
srkAQIQzLKHWoGWrdXiz,reg
2944N9XVkkvQCbEFXOGW,reg
pHDREaIfWQRfSoDuPjmq,reg
5KVDGaVVAHsiHJMjLWGH,reg
yMvXnIG5B2vR4MZey7zh,reg
ASNPnjJhR3uNgopLHQ9Y,reg
Ij5If0n4tBMsNtacFvQq,reg
7AlcRBY2aNYzLP9XgiiD,reg
TR7GhfPv29MllKQqXqSy,reg
N8mhQdi0Ckv2LWNLk81f,reg
OeTKLsuBUOqubD9ThGeg,sup
sWP0jhyFtpq9nHYbNzCF,reg
Yfk4ShUhELUtl9XwpgCa,reg
udX2082mfDPeFUNFECtx,reg
Xy1v6ZA0s9fNyD6rOuip,reg
JrN194r0y34cNefXSrUy,reg
LJTZ9fg2FUB5yeTDAfNO,reg
ETLoAZ2H20kQtboU7bWK,reg
CbkDGfCW3DtUwMDx16uM,reg
1bohrO3vq1ZQNnSrphM4,reg
wvOpOK4esubuC1J3qRK9,reg
4HVHRJ9CikK2DcK4oXP0,reg
pYXv5jekuYIsCKNfEukj,reg
EjsoVpqhWOiTqfeSVzaZ,reg
z8N4Pa7qb9TeTYKUwAeQ,reg
vlbtkquRlMj2bw9Obpel,sup
EJ0xFprjhFLqtK6hg5FA,reg
eO2fxGLcdC5k0aGuROZx,reg
oEQ7OxQXOW1OrOwhfEPF,reg
NUEb1IxkeDSOd0LxpcuN,reg
BdqfJfhiIt3nRvRm61xp,reg
8dX02y5z5mEo9iHwyVVo,reg
ZxO9B6Umeu90CwG7xIA5,reg
AkV3y7cqvolp4mvYr2Ig,sup
vBfwq9pNF3ugXH7QjyHJ,reg
iyuZLCEoBQhUFziAKyiy,reg
VLLHim4Q2j7wFMmMQbHq,reg
D0FyE8Mv8tbcZvUb3vgv,reg
bdrKTO93ryBON0xFRB24,reg
aKQrE4p4alX8UKjJcyZL,reg
zE4Nw3teBP9xAkpDgZpA,reg
LET8WoVedvwZfxVlSeK9,reg
2t8eqhwiUfiSDnWfoHBW,reg
eQWeWUcgXFdhpePUW5m3,reg
P0st9aEQhaLhgmDZBdhz,reg
We0PNV8gUFAgrSL0CLLr,reg
mSclIp20483BS4ez5FbL,reg
XVKSRHtW04rytiBbw9ZG,reg
Ett3HfOGyyzoYlFcfvTx,reg
qSedMPNgMWvKnBuXotqt,reg
Gtzd7g3pp751J55M8a7u,reg
H1B2V5Xe5BW3Q6smlZl4,reg
GsAXAPPN4fDIcj4bozSS,reg
BFBakYqcDDf00xfKfOfj,reg
Y4piZj3qKcsxJWYZlPUu,reg
iWU1DA29D3BI1Q3gw1xK,reg
Q7iLWceWwxJLQ6xVJGyO,reg
YhKp6PmpkSO7X4aGjYB9,reg
ytBjfH91cVXBRI8fKxDi,reg
KyeFByJ933id8W7P6j77,reg
OubtI4CkddppJogeh60a,reg
Nyrg5OD09K6qxEUfEKew,sup
tf13QpK3UVG9daP4cTuU,reg
zJKMPzbHwSm9ZOwdtUPi,reg
1E9KZrTTpuJ3KjJa8cDV,reg
bnwvQPgmSThQ7uCgNcXW,reg
KrVNLVpt6Hl3efXpBh6Q,reg
5eqqhP6CMMz3wtzLhe9H,reg
WvS7v3OnokNVBRlGLawD,reg
g7rIRsOq2kkH8pYaz7fR,reg
Qj7bQkDaNTIMANmLj7hF,reg
hgHeNwuq1nax8xg5kTtY,reg
T1UIoWXrP5y78tIapMW1,reg
G06vCKjuln4m6u6CPQEn,reg
l6WLNuf2HjJWGxOVFiYO,reg
MSJaeRDDh2zR8ZhqjczL,reg
Qr9Jo7wwBKk9VcRGOXsQ,reg
i1mClzOboBJFQXyYZcX9,reg
9fNzCWLAlFIBwlLJ0oFz,reg
1wVHEAIQg3o1mz9eQ8Bi,reg
L7pmg8joYv1DAbta4GSy,reg
WEx9IC5DSaAIytPAyJK5,reg
7g48cSLs8jYPIKalXiUZ,reg
4MXqlRYjANDHSM003I2c,reg
RxNQfdU0RGiPiTziZ5jf,reg
9kNKLFrAZTGO8pUedvTM,reg
TdV5vQ3OshqNfOa56axT,reg
IIeCbY9dM0C04giDl66U,reg
haKH6sU4vzOFjnZmlX00,reg
rfhrXlAv1kmfzwFzjCuj,reg
OwOc8QyU7AaqFGJJByVK,reg
RK3vEJLww3uOQxINBsw3,reg
rkUT5E9X3gFoJaR5UIkT,reg
2fYxvQc1czvRDcT8JM7B,reg
2Vwn0iIcQkFTqO8avFu2,reg
DN9XY1PfsOpuhOOQh1DL,reg
8dnNzoCXB1BhEOgzIafL,reg
JppTQOpQCcLIflZd3Gdo,reg
Cc2Gwx0VMe4utehSMqHN,reg
3WiXVGDcPaRKLpDDNQlF,reg
azeC5Kk3x946Oj4L6HnU,reg
ifcG7cR8IYUd48e11ERX,sup
KTfFRDs4otel3iaDulqe,reg
C97KNSD7eM6nPKVQs2xx,reg
ArWJ1aLAwP2t66pdDGqy,reg
9PhfXbX5j14I39Q4Vi0X,reg
jLHaeduCoUx3ftBfnPeK,reg
jnddVA5OnRXjgyBHLhkr,reg
DwsLORNs9ADEuzI6TZqL,reg
wTGPje1S1u8mlwHKABjw,reg
YadICsCbreoE8j0XqU5o,reg
dK03wJ3XzhgE9DtBrUzC,reg
w5X5TxLB7L4EDQXMa3tT,reg
m4WvPR8LuJ7MzkCWcnan,reg
HVSmH1hpi1F0pgVaQbCE,reg
0vmPFl2IZJK1p5l9dGu5,reg
8JHUdKF0j7elKPoh3pKM,reg
QKfAH4AsGeJ4vOFeImNb,reg
JLnGgJO2Ms84Cyk7fRai,reg
xgX9LZbxnEJvwHKfw0AT,reg
LygwD1CGiEAr9Ky6Au0Q,reg
tRvesqPE5A0iKVY6G8g8,reg
Es2GuFdquKQ4uWPOPXxX,reg
QakFVrMCqt7gRZVH3iEC,reg
MsFmP6wdnCIMDOShVnvZ,reg
hZ3NbagTOmWwhePqOA5O,reg
b0plEOyRuiu7At4JRaW7,reg
oaj9WvyKGTefrZ4v7rLm,reg
QUXPoKjCFO2TXJAKFj2Q,reg
iDVSD6gbQgM8j3P2K9pE,reg
64RVc86LLeI6qccFOAs0,reg
2QJZGGcIQF8A5FhBmyuz,reg
59IvIpJNBTNdhP0pm9AL,reg
8bdVYH1QTIdVRAAiB38w,reg
fkFoEo1gGQv4gTV9uSmY,reg
OyCfR97qmhV4y6AwIg2Z,reg
4otGofdOW76kH63oYmSe,reg
QdUrtE4V9YCVu4rhYmEd,reg
yNm6Ltol5DXjwjz2vfYi,reg
cipP2AJ1Mm2TqQzzr3YE,reg
1M5UZDxKP0nTYcW4uarT,reg
T9VACiwBbmZCwXUD9UDS,reg
hYSoiNzlOKO8vYmrPSVB,reg
7QimZNgKB6AsgWrEexib,reg
jdJRtSyyTamNP0WYAaei,reg
T0BYCIvbPwRMe80GNrdT,reg
qy5e2BKyVAdHLE9Ft3KP,reg
FQCQhjkNqqJrCXXHGWyM,reg
YWLSlBZ1Blkedp3DGEgE,sup
mlhVFjOIFIcEw15BvvUI,reg
gGaL9V5DuAw39Y6Pxdwu,reg
UpCXiaZ8iZxNNKqYbd3B,reg
MSGpC65S0iGZazje8tlR,sup
uKYfZr65pq4KTBvCj3dE,reg
v6WCulgKeWmJNpASBpXd,reg
kSZ3wZkDtJRrYLpi4ojs,reg
ct6awrymUS8RgzTgYjKx,reg
0vQoOOqbZMP3otq0XdM9,reg
U1SS8RNVS9QJgXPfZIGL,reg
Y2lFlepXHqWUFbEKCNwq,reg
vRdqlIejVhs4yz4OFb8E,reg
cLXoSFiMo02a11WTFSyD,reg
A8SHBz2S8Ui095L35Wjh,reg
JE7xSqhhVcY0DCLSQoh7,reg
JlC8vtBxKJRSYnZxy3cS,reg
TuRmDIBkujdQMhZgsFZi,reg
B5xt3fvqtOgMSQdQDwRx,reg
WyTQthCfcXAeZCUgU2aB,reg
rugjZmEaWY4VclvQ0oBR,reg
HnYZeIQGl4VKmUavOa3G,reg
nEtoalBY0FuCldIuVyG8,reg
zwOf6SigT5GZ65p2ohYu,reg
jtvtTOMSmoqa3cP4vWFw,reg
5coZDns40wcdgPzHyzrU,reg
0ZYsHN4CfauJs75YWXmE,sup
H1ZWXyVtnQuMt6kjEf1X,reg
1xNiXXWkGtLI3YPU2dah,reg
OQBbRgSRcYyepR1DfiXP,reg
Mtt1LXmZWBninK3ggSK5,reg
Q1tEh5Ao7Nirp0AUi0P2,reg
4yvivHyWLfFpSdW1qGZu,reg
j1lSAtVBMhimMpC1Ha2o,reg
EYYpsISJ9Gn6xVcClZge,reg
1gSWb3p7qwbEpGVvZEvR,reg
QygIO2O30zG9kOeA6yaW,reg
KDzeLpHMIZdjOc0PZs5d,sup
z6Lh4IOHDaSwgJPnXM9y,reg
sDY6m1rPwmLrePbttGFk,reg
wTvMiG16cCRbflcLBehg,reg
etpxIGo8U8x68ATGMdbE,reg
icpRmmer8RMDjezeZ9hd,reg
oy61qtPF4pg4R3ABVbJj,reg
jreiAkqFiypqzeLGlilx,reg
dql7LIbSPrfB91kZLXYl,reg
Qtvbbq7TeGc36LLpTwWm,reg
Y7gbtP7ySeQMgV0Lh8Wv,reg
cRpM8Z159NED2UYcb3jT,reg
jQzW52TdimuPGtk4vvVS,reg
M0Uj6L1r76s383Di6apI,reg
GF9IyDN8pbWvTMVTucHY,reg
DIq2AnHTmt9OBGhnuKon,reg
eelRfx1LY8wXJoRoNwGT,reg
wUtWuqs0D1K6e3F1xsd0,reg
AIreHXDAPHzQ5NBl7h1s,reg
pFp0W0oC9Ym2PNt90vzA,reg
17LEM8wPQyshaga81mOO,reg
R8UiV4n2A1Vgn5OkwzJE,reg
bUlYPKyttuvpKUcRBNW9,reg
I6mfBMKbR5exUiCNwo3s,reg
8OOTbqS2vOdBOeNVM6TN,reg
91aqlaHOAOSBKYzV8ZOW,reg
PioeTzCk8Du8notayj0z,reg
8268S0OOI1PC2Ifjlq6w,reg
lTh2mTi7deayrBw0FqFF,reg
adH08twQXGLnyHCi6ZEC,reg
aEalfO2zYVQmNGz6LclE,sup
SC2x1sOCmOGfCQ69ipBT,reg
9nohyzDvZOZcWfHHxyyl,reg
kDRumZZgnbDrp3Qd9Agl,reg
dh2PexZUtPejLAUOwsKc,reg
qwXXPZtlCGfgWUMXsqwL,reg
yzpvkuUEteiwEY5CHRrG,reg
B3pYKwh90XnCjOeuBT7r,reg
XYf3SepcvILnlDs8WTBG,reg
qkYeT5dGoVDovKxUcI8N,reg
9t9PlX7wfLMMjeei9kUa,reg
j2f9EiOAjGtHq339EhaY,reg
khYao3bQxAh4FNPIXDxa,sup
TP6Rekgd2IbyVfqjO2tp,reg
vLZOQcg7ef2x9mZXoFxr,reg
zANbOJqdtyEpAq00umSb,reg
IB0qJtGPs6xL8JRpYuBt,sup
gAL0DiMvJc0jSvoR8Baq,reg
sClbYCJAyZpxuQs82V3F,reg
y1JEIOJQJeheqJoGWlQ9,reg
LPExi1QaSnKJnJrcEYAI,reg
aIaGr8bYPX4gfjlGYqyx,reg
nNv1U7RDvAlO10CNVduv,reg
ycyAacT3fNqaHh1KK9dT,reg
QFPR5BC0ggLW6ZcgN14j,reg
HcgfdvyC1AuNCwK2XnM1,reg
cfRej3asg91cIUhItulY,reg
hiqkcqOk13LSwCaUedQQ,reg
DH0T6zFub589qUF0B702,reg
seSjWHfepIikdUgpxgtj,reg
Z8vYqlN7AZH1XOE9fVW9,reg
gbFj6gxGc1Ey5Kjql43a,sup
GeqLFnYuyrcwpuJJBlxp,reg
Ps3jaWnRHhoNNeL3PDa4,reg
xNbLYScvSN51Z8um0CP0,reg
IhFTvNKt25ewrMGGKF9D,reg
cw1XsyeMghuuUJiSV9Qh,reg
BpXGyUgvqzapjyMB15Zy,reg
Emg2h9quNOMJVDTgx92X,reg
2EvpBeRbZGjlnyZCmdk6,reg
ympI28yhFCU6SFcajX8W,reg
zJThJn0epJEOnAA7d7S3,reg
I9oLuP4O3GOIbYravzP8,reg
eNXtdvWDFDTA7Xrc5UTI,reg
fkOJ1NbnRk71F9aGqXWl,reg
TzFZOXZnhIQE8OWTcMXv,reg
0Prgrio1CjB4LvZdP1oo,reg
sUE4VAmCISZvzsFH49BK,reg
Q62Nhaqimia3RQ8wxRR6,reg
9pEwavS3W13KgQTb81Oi,reg
YV20vaAnaPndIGbTNCyi,reg
rVcV4RQCRFG8K2N3i8g5,reg
sYiJDKJ1zip7VzT7XFiD,reg
QYSywlxUihOc0S6p7nNh,reg
H7f3VT97eqxqR8k4gLwC,reg
XvkcyeADdMidPbdn0tTb,reg
Go5RkRHzG4ksr6WsU3PS,sup
SstzyshA6P3MsHarAJOC,reg
FWNVpOJVzIdxuvb0beVB,reg
3RXZTpxFAGsHEekF2MpS,reg
v9DUURzf9lhLlJrVSk7n,reg
r40vkp47qAZnHweLnRIa,reg
XApTwwJk8OrrYVgSEmIG,reg
E8yaAfmQWNuct8Fa63ay,reg
T1yFSBl4AspGd6Y3YfmG,reg
xcMkFsNfZNXsd3qP1DVF,reg
zsYRR1FDyTt9ubPsiZRd,reg
KvbsDOTlLmazDnKf7jdj,reg
Gm5YDXVt591FIqCgxMtr,reg
E3hK4Etw5ylsn1SsXH8S,reg
R6M8a2s8Oin7lhCtFEhQ,reg
G47T4t0ounnVKcpS9K7W,reg
UXHtOtRF19fgRxUkUkB8,reg
IGNhGQNWebXAw0J3bKh6,reg
IBso49KowOEeRh12NApb,reg
cUamoVQNHYnryVfwEH5q,reg
bluXweOxWhtauCX3IxLG,reg
yceiAnl0ceWjKibWwUt8,reg
HngYolsZ7LnwhMepx4yf,reg
tQpvMJzeFXX0gCrC6vyK,reg
vbGZVDJU7u0ApalOtBTF,reg
T1GXVTI6JtKUqYT7oBIK,reg
IeElhKAlZlvb0pPCNyJQ,reg
KDppLvc9sRPP1RRTXUbx,reg
ZXZt7x4rQtyCuV68Yi6b,reg
G7sge872pIGSbJj5jcS5,reg
pg3CssQWWIcR6REE3TFo,reg
i5xo5ENLDqC3CzxAx6X7,reg
oEeXzWrAYrDZk4d3W3ZO,reg
HozmCUcCHVfHEc3uO79q,reg
I39nu6yFKdVI2LWsWJc2,reg
P11pwBllfUHMrfMVJO4y,reg
771cxdbg1Rw25ZLqI3Ge,reg
TvYtzJkmM6MuLbSXfR4V,reg
QcrmHac8XMeZcwhfqCZW,reg
vavUTYtZqSMPpP5cEDda,reg
vSxwOckngCvrG4n3EbUf,reg
g6Fm4FUzsSQTZ42wrDpX,reg
sKCPMq72llUL2gHahkDQ,reg
kgAJm1lblz7JIf8qQqZd,reg
HnFw83jkYUbA4gLJk5BX,reg
x9MGSL6YNBmOXrcLFokc,reg
t6vbQHOtaa4IQAKXqEen,reg
gQUKCOzWgNy5V6QMUdFg,reg
fZqqnVNdLD3dJmD2f5nj,reg
GWvg7NVGakvtiXu8z98w,reg
lsl2rntVeEnvWXFypJ9k,reg
Cxv3OL9bAloZXz0mUogg,reg
gxEhnJWw4xLuKjlQx2Ys,reg
oqRF8ywLaUNfPwYgnXRk,reg
Ckaj2seomfpQ0xDvDQR4,reg
wTW1kq26E6yTR5szGKTj,sup
U9nsf4r6DuxRFPnEoBKH,reg
J564sfvVKu6Jy0l0oC8i,reg
EVcWTJe85xOBSqi4fxyc,reg
qZx3vvT1XCIeNSJKDie5,reg
VuUcRpAtYNI7G5o2tlz9,reg
BlbFlr57Zxe7vC1FZ2xu,reg
SJdYRJAFtFnPuPXeDtZ9,reg
6Q3RthfVul7PWNlhche0,reg
850kEnydx9qWCA79ISjs,reg
5llz14NWMVCOAnVPYcDm,reg
sfL9sQWz1Urzq1tV6s3z,reg
wef3OmvsUJkJdlJMTKTo,reg
gHHwobImT2PGSNn0oJPf,reg
9YaeRGOTkxRml6BYldlV,reg
Lu8L5YAJMFOLHoXLTRGu,reg
KuF1bnZiEtnvisYYn4SW,reg
roz2c3opqAFnyNPbzR3h,reg
0tveH30S5NXFhmiXbIwX,reg
GtHY42M30PBrlLdcosBf,reg
8EecXzNhbAccCmHOBTFm,reg
TqSddjjditUnblQcWfB3,reg
Bd0Fdaaq5nhrfRh9RNKp,reg
nVeyOAQ2qYGBGBiCG8zp,reg
YgxWHqtXkNX2ukZ9kiCy,reg
jWVRSGBb26oZsTvK62ck,reg
3RVHWOebZPPvYZwkVRaC,reg
4MIJuy5zAsuq35Utpe3L,reg
za6MrfAimgv3r4mlD3GD,reg
5akYQwXPqMXUdUwTlseA,reg
Y4wLZITrk3Kum0lcuesK,reg
08YMNb5ZqlRtva1JyiNb,reg
K6AkkvoxJfeZWlPZXWsr,reg
x4XJ7SUOoiY9RKQhe1Ig,reg
3b8X79WU0YWVcsmFGeEH,reg
nzaOxCiki2hsjnziZvOR,reg
FIa2u0iyUOqpLnznCwg7,reg
r0J8vYU2GVNM7AaMntD4,reg
cthqlIctvxHks5zEjCta,reg
Yjyw7yxk1JfumMK3kuLP,reg
eY5DtwY3LVvSbYn1iohi,reg
Hnfw3a5JlZoOX5ra3zUD,reg
XT0pYv8pBcC9qXmVHtyv,reg
zk894ptJtPu4P4dtlEE0,reg
cU37HwPJT7ClWoOdeIB0,reg
V4NV0ap6EhknemOtzaEE,reg
EWGtEMZLxRLRxWmtzpso,reg
7prg1cG0rIH53Z3B960Y,reg
0FX5rBebJhUn0z8tQid9,reg
s0XXgsxyI4HqXAssoIP2,reg
puSjjud5MPEJwWtnleFz,reg
gIVXFcb4XIgyVfkGHGYP,reg
D8fTXJ4pmCgPKwoIaToD,reg
t5l9pwBbPNnR4Rvr4RMl,reg
u705XCN00NDookJAZSuU,reg
EM2UtvdKFCyoWqLSmzQQ,reg
UYz0lrNMqMlbdHlgqSTo,reg
LMyRBPnNh3Elu6pQ5yHr,reg
eNls4EStdmWPDxMqmFWi,reg
JDgKWRUrYdflEcXg2uy8,reg
uQO001xtSV2ceN59UAgN,reg
X0oLGEuROMMZmJgGwq1Y,reg
sMqUVKK0y90g114RLcB3,reg
mz5gJk7Bysn1ctNZy9nb,reg
s7mJzZjHp4ae1qDeD85E,sup
TJQ9j6A05f8ld8OK8Mzc,reg
QxndeQ6cTJXmLvcx0mSM,reg
KwcTpffTNAr8QpZZTGCe,reg
LvCQbOAkPqt0QrjrEbIu,reg
IJumhtN8oKoYEDbFfUMf,reg
1dxR6XNJvb17STmiEGyG,reg
PHhwWi1zxc7KS7rrgWg9,reg
MuZ5X7AI8nx8OR1zFIWw,reg
4MhlknTWNBsCpY9BSp8P,reg
hK51F1HDWViqXLmasWN9,reg
M137NRxqwFCoVKWJPFGt,reg
UHNhZWUf2dWUy4LM6hpE,reg
MJzHLwX8uDBLf5PVpvm3,reg
Lej0JFYlV9sMkcxKYwYH,reg
540JkhdKZRrHel6kXuKs,reg
ekGBkEpWxMdbx2WL17xl,reg
fGcn13Dce53Ic5t7KUSy,reg
lb1WoSOHyGEIMuNgGeZi,reg
3Xnty4lyDFQ8oFoNZ8tt,reg
R81zDdBsjgGbqyqUWMQT,reg
cbZLy4QLBgsjiiszHV4w,reg
cGWuqesye3WK7ieL0ifh,reg
lIgIXFlxlPkZIAb2Tcl2,reg
l3yymVObMrW7dM8EGxjM,reg
aBfvkSIlA7gXSkv4WG4S,reg
wc8gFFDsjo1YttzTxjgf,reg
hWubz3CZRTSYl0pSvT6u,reg
kgP1UJdbpmTSUhJNiSt3,reg
QsUNTZUvAPQxD34B6YFw,reg
IgrHvzxELcriLRc3uoU5,reg
gHWgHzynJbowDqymIDjy,reg
aPqjW2VygMcNCHKuJegI,reg
KyUoAik8BpKEx6tAQ726,reg
mgLxjjWNdkpi3rxUB07l,reg
076BrNISK0IP8PsESVQX,reg
RQ8RuN2t0DuLKxNoK9oM,reg
SwYoV379LawGLD0kqFcx,reg
dSPhj4a8OeOcH3nwDPnU,reg
VpHBzD0cNZ0G63Z3WZbn,reg
UzgNwCP2klyuj9Bvt9ux,reg
Ct5lgNC0MclPUuSFZvTp,reg
catnqnqYkW0aj7DuBmRM,reg
h1VVrAsMOlTSjgsxu07s,reg
t5fbyLOBsaQdFiNQyUea,reg
S5dPr9tUNgO37d0wEWm4,reg
iOXLQN4KD6oWnwM1cDAY,reg
hgZ7ff2tPIwqFV7t8lq0,reg
21eJs1O3lWsEI15RTa48,reg
aXtAwUv3JWttnWXbi1wX,reg
V1xdoWDG7JrNH3V0yjyU,reg
KJ7i711vfHeh8Gc2wcSl,reg
QisfbJl6cd0gMIAesKuP,reg
tpeAVPcZPp4su9E70bYx,reg
vYHV9uj4nArPmhfjNM5A,reg
UhiLfhGnF49zBXe6mm0V,reg
5njl1tI5Brmht6T3nyCC,reg
De71imARDL6KFQraidyY,sup
O0yVeeQVT2OJE6mbt5wl,reg
bQQyK6ZjfZOC7Ka8O6uT,reg
aK83874g3oMsLQIwgpqz,reg
C8dGZbXoGU39N6AtNBVB,reg
kdVON3dNSOGsyQIsU4ar,reg
iqav0EdhDGMWKHeygaoS,reg
4LPIECoxgavG7Cw53W86,reg
DzoaM8KDNggt9JV3sC6x,reg
GNtvHXBwqsaY0vDa56Da,reg
SqhyFLTUrs6u8geASTKe,reg
axvLHLzaK0Vc8h8JkYCN,reg
QbBol6zjGvxaMPTAhCtK,reg
oXDopHMLUvv9ZYWc4WY0,reg
kr9CWXPe1Jc4tybB5TDJ,reg
zBwDGnjea4EUavd39DGM,reg
CidpNDdCta3wU0QBEAaC,reg
jWTyzUzLtwg27VtHy1EC,reg
mEBRfJb05ab3Uy0CaSZX,reg
HFmXofKOwruJkX7ka6yA,reg
zvU5zehYzSsfRNadRnRh,reg
qpQ1vSLveBFouxZzN2iu,reg
McZsAbJxyBZkxN6R06tL,reg
ZWrbw4NnMzB5thxdUE70,reg
z0vuKL7cyHyK1USkklpb,reg
grL21e3AUttmXE9Ahkux,reg
GVHAmxNyu6oYBUzo7J1j,reg
0M3Lej2QQh2ttOWaC2n3,reg
fRYcCiEcUwRJIA0mQ2o7,reg
LJdCiSDqAbtVgGB5ozHn,sup
y4y8pfZon34N2Vzc1Z6D,reg
BpE4Km1Q4kH1YuTJhq8p,reg
pabaPqShLcfFodkNxSi9,reg
ZoY30WXpfe2KoDooCJGY,reg
5nb63Wb95AwkoEdLdS7A,reg
Y82iEp7f2Fq0NtgP6rUI,reg
RikdtXCkKYgEXnXAY8Qu,reg
VC8BpVQfyI808J4cU2O7,reg
ghnnf7NOCbptKwZqbJP0,reg
brzhjpzsxAnxUy8IUmMX,reg
wSixs1RYkv1efoymvtW1,reg
A7wLmahMacmd6RniSE0h,reg
mSyezlXPEYufS2qNT60f,reg
kEsM4qtWu3c24cxLGja3,reg
8WuPfBWxjVA3Df64j8Yh,reg
oB4e9yFpY5BP8dNXtvik,reg
8JPlYoclZmsdBMbSSwUV,reg
f0Qhy4BBQMm7haZW9njV,reg
WIgOURivC4n0cmwPOXBA,reg
VOkbWlTi5n1whoVMO9Mu,reg
gd651YaRgBbmHmGqDTiR,reg
BvKCMACzXtxloOwf0FNW,reg
TzlPfTntMIE3CN8rUEgB,reg
K23r5Gciflq8ssI5pwWt,reg
U0bcaSg70KkV4W62ocqJ,reg
n76EcPNePczVQ85qQtbB,reg
PYH1CXUkU4mAxBsW5UHi,reg
vw1A3VymLejMEXi1H8Wf,reg
dFtCdZe11MFCIX3BYOtD,reg
J97ljhO3gdtigy2V3olp,reg
aHSa24YnOc7b3qY8YzOh,reg
5gecmmusYQrR99UT4asY,reg
LFkmqJfjmn1ZG04hIbCY,reg
Xv00kKXR4bR6IIl92EtE,reg
LERGCSeJS48QJZJl5PmN,reg
kpyj8IFrc4680DypKKjT,reg
amrWtFuaQvSMbkuuP4XO,reg
aknNulByQw7cFuH2L166,reg
g00rVq4jB6nBvbdFo9xb,reg
6uMXuuY18it6mt78sREJ,sup
KBI2Z3uSvG6T0diBKTL3,reg
Mdmz1IMWbMN65ldqchyZ,reg
BiyqZv07wmeZOboeTfnw,reg
5DL0xvNKFcTIsyhiIrAL,reg
8Y0HYQ1MANlYOkTHDrP7,reg
bCsHIncu9vWXiEw3HSG9,sup
YKfl7gWHxWULS9tPXFrs,reg
68922ei5XlxxL8pcMlHW,reg
l6RjWt1eTbc3APwaVH4F,sup
W7wGadcsbSpwMxXs8Yvw,reg
lI4g85zoiUUhqmDuctZy,reg
OJ5jre57VnjtURyBCSjz,reg
RFOrWXAQX1PO0HFZwlLL,reg
eBDrjMp7gbOV17PYLZad,reg
JNCreHAKgL31kDyacibM,reg
9aDaI43JOLXyWCFRzVo5,reg
3b1EQbis1bUOJqnwnf2N,reg
WB9EKGkTF3UsCmq9SJTj,reg
8SvO5adegSRe2a8FwTg0,reg
VsGtKomxWScMg5NWV7la,reg
k7gyHneNVsbSK4LxbZUr,reg
hf6J6yzRivfwR2Elyo9N,reg
0800TgdtDlffSfpuNw07,reg
GoEd9Sf53GRx8ffiYeJA,reg
rHuRrq19Qf7W491h1pSZ,reg
3G6evfXk2aaHFUO4NsWt,reg
O0NYuwahmBnGRb5IPZGa,reg
f4DYdisckkbmIZbW5fRN,reg
WMJVDlVuUL494fab0Do2,reg
3bXO10J0ZBJwj15KnWfZ,reg
yqMj1TFPsIaB3OebJIsk,reg
7O6mku0Wul8BBONaop2n,reg
jaqAJUH2433eB4OodRSx,reg
IkUJjYl73eWlF1Qi02Hh,reg
dDIBuPMTdgijhWzm4Ow4,reg
KKCHWtNmhfmHnEJK1g2W,reg
r1YXkAsA122wXE9tv74E,reg
L0t8t5HJUW0HX5qtuR9U,reg
a8x1gY1lJ1R9tAnIoKt9,reg
4GjaGS0tN2RXrJjOn8AT,reg
44ehKBzJpTzvzvF97RXx,reg
tGYkNs8rZ3ChTvfNMKgS,reg
cl9Gmy2f2bjCtUgkn3wY,reg
EhUZpS0qsaUqWwco1hTt,reg
vSgAkbmZBhLr5kGKihkG,reg
klZuuzk47ZvpyRkPJaZf,sup
AMj1OsVFQi7SVE2T2GZ1,reg
GqmYmpAd9GBMU5ri3qRC,reg
GOQMVlwANYX2lSvvAvS4,reg
r2qZXzo3zajxYYLu79o8,reg
EfFjhEjOoysAlYgB0kvA,reg
NoyW2xa7rP3UAUmSMeQr,reg
EjoIAEzk6UUhC7y9F0Ry,reg
wKn6WnNZkv5B4tkpV8uu,reg
kovEJOLHZyADSgwnqPga,reg
umPuWugT1xnDE3i5CyiS,reg
3t2nEqai6BrZR8VAubQP,reg
oORaDioQaRY9AiexTgt2,reg
dfdW1fvIAVQLNDq7LK01,reg
okzLD9anhwcn0KFsWYaj,reg
qLd8F9TWaTwM4TqGeHyu,reg
WgRfEmiRKt0bi4Pa8GXf,reg
SAQ9CRy6ozWjXwaHf0lN,reg
O72SSmqP7lQY9cI1IRXS,reg
j1H7vbWUWZELZwFOyj3G,reg
f8xZZy3AncQYYmK2eysC,reg
NS80TKIsEEKLQYESGAtd,reg
BWrEZMl6F6fPf8Cfark7,reg
BQNfEfAvBdhpepuBqR8T,reg
HtYDZw69CrxG7YXipN2I,reg
03spmysv917pRTSkTcj6,reg
4zCxjdZQSFAMBokcJ98T,reg
naEx0junNZenxp3lgHld,reg
Q5v7vEQrx6bW7SNYTjUD,reg
TJns5NZcCMEwMuva3lvg,reg
dWM1T1Zl7CghWXNJN3Tx,reg
L4DY2lrcpzP6nacNH4eg,reg
Jf8DG5xMJCoC8Kyclmls,reg
M0AQNZG3Ztf3ASfDCjLk,reg
UQJfChjDGbHBK9ydZuBL,reg
ydd1LumbkUH3nodzQ6ED,reg
3bYsrERg1i8BZqzOlnZT,reg
NxDOJ5WGiu7vMzc0jfg5,reg
uRnLhR9EHf3hyvc8IAhA,reg
SuPzieu482Sf5FeELYmy,reg
cGDXYCoIaT6isOfDsR1U,reg
ZafHADISIiTJh88ymVWB,reg
cCG6mnVTKeFUPwzMeFC3,reg
6hKUrlKNuzcoeuMWMS6h,reg
yXJcaIASTUm1jt5BV2Mm,reg
ItLyRC07hxMbcaguQBkl,reg
szIdrim2GNXX9WwHE4Fy,reg
K0rjC2fS2YOVj7GTO5vW,reg
iCXyy2xK8DDsgTtrf8kW,reg
Sb8i6ZwHgcgJg7H5fXHz,reg
o7A1QifxWSXLV6IS4ZED,reg
zKG5mSoyPstUeC99enq5,reg
OjkeaBKsoRRCQ5WMO5AH,reg
ycot7b1u8qAbXVh1r4z4,reg
jNBKatcwaUXY3CsYCnbg,reg
Xf5wK1xsRt5nKLDYQwop,reg
L93UQXO4wGARzfPq08oO,reg
59CIsegSEuhOgM3tBMsK,reg
QTIBd0LPhjpEAg2t8jUc,reg
O64buZkTfWbzctpTJb8y,reg
wsXJmr3muEHnhnfWQoN4,reg
c0TXxwFpsqp8XOAp741i,reg
0MK4aESFMmehskDwswc3,reg
vINjSqfdP97CnGjw7CAg,sup
XVk9tC4M45KSyT1g8t7f,reg
fouBRYUTNRvaliZMM3em,reg
jwrZAchUJllqwC4lOtJw,reg
hsTC8X9J3MHKvrWSPSGp,reg
j3wPPP2j4S3VgnpmBFvH,reg
omfSFxzu7MrjjSSafj2q,reg
lmjZycGUGML2Cg7dVawT,reg
FWjyJsu6QVJLpQGvz0xK,reg
nT7TY7TedDb0ioGYwJu2,reg
3VuBzxhMEP0vh3PsqIAC,reg
jw8r3A4Xq0OQdENkOYbG,reg
abY8uFHKTekjWnOLXuQw,reg
8FYM23YbIrj3Ofx7LMoo,reg
7qLDDKDuB8YbLuP5HMQ3,reg
7rdzWU5Zz8Pev8BzXksx,reg
tyq7ppIuggCk4O0R1M34,reg
YO9ali8wQZwJc3ucK9MY,reg
rLd0lHpGVa2JlPcDPHoK,reg
i8uVNjD6U5P2koFh3qw1,reg
lGg2blsvC7fxdUOfsJJl,reg
AjaMOfTft6JUA6zGOzJG,reg
mtFSw3LgJDfpp3FzN0Qo,reg
qexF3lX87eCr0uIamIsM,reg
bKPckrWMdOayq0O1b1Oo,reg
YI17H2hza07CwAaF7AB0,reg
6VnDJtmm9cGg2BJVZ9rb,sup
ur0bltcfUPDHCL7htFAq,reg
0WgPYP5L2MNMyFtsWEaG,reg
y2fclrACzmcndyeJpycO,reg
S3ozFIIRmmWlk0ykAaHv,sup
ViAOJ5c4xcmlicXktJDv,reg
o50sSHWXHmN9BTohnmdp,reg
rbJydUE4UVhqHUNH7T1C,reg
bd0TyycakOrrZ3BGHGko,reg
Ayo5YHWlCQsHNV7XrQc7,reg
Lln9o6Ma46KYfVigvXR8,reg
LxZ2obRA06aDqG89ktqz,reg
fiH0siERVL8DFEsALoWe,reg
XZ6kYLrylUTUVmi9Moii,reg
vUNlbVbzGuUdf0RQhjl2,reg
383KleAMN0hXjU1qXdYJ,reg
0BWXTOZzcsrB749qwB06,reg
soKVRk783bUj0icLyg4V,reg
nI96xlUaBGatfwp5LcrD,reg
wpgAZtgqgVOcgPCnNQek,reg
iQPGv0PQCZ0WfPCRF2gI,reg
HBIYV7QNVglHl4RyuXzQ,reg
Qe1hbaEgCL8s4t6r0K9h,reg
YHuyimsoOeKbwXYnI05i,reg
LynzelXsiQQRTlvLSarp,reg
HQtaLSwh8MGTTpLVllOE,reg
R1sGzUZNWuEyAXcRhhWb,reg
6CJJGkxU5iaX6fpHuyMw,reg
KofgQTwOEWPBY5YSx1Dy,reg
5PP2t16GSzChbtte5vVw,reg
Fvv0ALwZPTKLL7OVVBmn,reg
YtDcMA0yui6CKpDF0eAH,reg
0BfdNKn6rbHBPfFmtL64,reg
Q6i1DNEvpyBBDntIgDg4,reg
jRgId2AbQkaa6UHly2aN,reg
bXMf566XoQUJK2WBjg87,reg
SRQalRE41tZQMA4ede2G,reg
BqnTU39yaOIa6E7UxV7w,reg
pBvR3Z65nOnnsikwV4gc,reg
1iA0dNdgH8mMbZ0tR4K6,reg
scAXCg4KbFpiAMozPf8e,reg
4qlPAwXiv6Xe4R2IBLPT,reg
BYqREX1vfi5jE9VoBNnT,reg
rwXh4OtqsjeCqJsJDrVf,reg
hjqaMFmvtiRrpeMvBiDP,reg
egfzosHWsiOmw2b2M9NO,reg
RG6edSNo75rtlGLOpqfm,reg
vw9RHgQ3UaaTe1nfjJc0,reg
CZuw9O4lHO9lFgor3kFU,reg
s9sWUlKi61LvdtfMTgzg,reg
RWExy4eQFLJmpMRMH880,reg
TnkZ3dTyO65eSD5NNCjV,reg
RiL2bfbAKYkgUCWcsplG,reg
gigv6VZBKKCRbQpR4H4f,reg
nRnUY9CTiB7LVJe7haxE,reg
JXlQoaM4jyh0d2zxigu3,reg
12W6srR0kRN3pSVW23mn,reg
LmkZ7ISW6wE4gAjKmiVr,reg
uAkK7wBBfscDElhEQ50E,reg
J5eWb6Pq8mCfi5w5m4yC,reg
I6ht2TV2zzB535qWglVL,reg
qls114gW5S2B8B3I2AFZ,reg
PPoF7VmcJfI5PN9okf0T,reg
3SF3XQMhUk98YhA9A9MZ,reg
nvEdRy29lvIepo6irKSa,reg
G6yZPeZFTfBrmFkUZaqv,reg
bFTSbHdyB2VK9xNvrIz3,reg
5LvKMpwLT3ggk46UpIlb,reg
AkMUTqRpWfGahOvzrg71,reg
xEOfY34NajjGyJmQtJ4s,reg
YDmPnUkTOCSZkTrFqn8A,reg
qDI6xFzx1uEgAvcPXYms,reg
UIFwra15oVwoFsQMfzB2,reg
xtt1nKfCTvqsshlLrb32,reg
6XYX4bCkkXs2dYS4q2CW,reg
0i0wZSbTdy53z6Cni0Dl,reg
JoqyNAbPHNMUKRe5gWsf,reg
vEiLsYFIDEjKFNfLx4Lf,reg
d7pCGcyjbWTZyaOtM2w1,reg
YHFbRs7SQ4hFsRbfcG8d,reg
sZGzqAOV3iVsQwHtXKkS,reg
B0TYpKMbdruw8HtQz350,reg
zfRwAzlz8YsnYmUk9PGb,reg
Qic7eO9OFexru0SPkoaV,reg
bE0XffsyPxZrgbW0vsF8,reg
GlBRxPqUIjyWmzD1i5t5,reg
zSzSixqybYEaHD7X0mbC,reg
SQl7eL6Vi0ivHeBXD5fz,reg
mMisCfKxac75iEcyy5UZ,reg
bW7vftpeg6L47YzZjzWX,reg
LJdCiSDqAbtVgGB5ozHn,reg
l5k9jSqbnGbzXCMrdGhB,reg
XKHexzMhTJJjSCCbZYAW,reg
cF4Hy6MQbBHjtLu8xQRm,reg
6k3jgmlRSTqrodJ0jwAs,reg
tRFFPyx12L3p8DIjoKnB,reg
l2wX94yqLI5YY41Eg04N,reg
rHoyDZKUzkS6LFeBuzf5,reg
CCxLeiDjlaFSE568xENK,reg
iJuHugYdAhBzELotbBWp,reg
SEabyz9Vya7xSk90h7WN,reg
6wy442hkJPB9xqeWlzIo,reg
PtFhYXgexjXW1aaY1MjM,reg
4FSjZtJEUXGQaNQXwR2P,reg
zlPLQKWkCJ5fswxeAIsi,reg
DRrgI3jzHMjID8Q48PjB,reg
iy9xO2TEZoxoxDybXwaa,reg
zF3Rth4sMnijULzIDHPn,reg
3Wk3c1HGlTGUJ1UbAUNw,reg
bKtiD8u9UlxKRlobK18T,reg
bjusHaMvMJEVS8XmZ80t,reg
fCMnEWhTh7kuGhOSMhTC,reg
GRfPpvPx0I9dNj001eEo,reg
UVpgUbph8OyaMdJfZoWo,reg
cdIFWh4OfuE5crx6fZVB,reg
j0tx1EkGk3a6vtnrWWOw,sup
sVuAubUTodW3ARhRN1ZZ,reg
u2ImtLqPCHaQdlpUDDTH,reg
gMVww8j5DaVLpC3Yj8nr,reg
Gp2PGuskkS8QiIdU2hkK,reg
Bipzf7LJ6qdGqAscZzBg,reg
WQa8vJc3BiRWd6YDEjrD,reg
BnhBrwCAP3y6BtcM44LY,reg
nSildUrpHNbPNfFS4sg6,reg
c4Ybnm72fa2nYRZtcTiw,reg
gxx7JDnThc0XNCsWzv9c,reg
P191ezqShWOHbDTsyYVw,reg
887VJxVdyCaKr418yL1i,reg
z9tcGvLAC8Xr8EQCj7MP,reg
QMFZxe3WbmxMlJ9c7oxx,reg
qUSXrRXrb45EnRXm0CZK,reg
EIBwy60VuetqR8rLiagd,reg
0gDNwt5z4VUntFijldez,reg
9YA17YenitnEP1w6wRj4,reg
ly7qx0XOXhRd6jzKXQlx,reg
P0EzPtCjGga796TdH5Dy,reg
qRl6I3vCdobimhTjNdFZ,reg
BFJ82oQJcYVAZ2SMBPIY,reg
Tw3fll1lETObklyLeep4,reg
SNCI9vFRETwRDg2f4Lse,reg
OcE6oQcbHzuzftyyrdB6,reg
7vIsUEFylkQ3ryKVtX7E,reg
m7jRKz68K57DR1eMddXA,reg
Rt8eZAjC45v6xy3MHHYh,reg
3tTUMdxsjmc5L6TurNVG,reg
ImhqPeefTcfCsqI9QJfK,reg
9nJsA4qES5mUIvG18pM1,reg
n5AGPwfO2Wk5kjAAFQaR,reg
LVOkVEUVB5INM1MjeBsr,reg
9SKQn94Q7ARu99Kp3Fbj,reg
QHpIC6N6d6A9qQCwV2nr,reg
g3iMJxodMUlpO2mQ8tOt,reg
NfezsS2GPqZf3vUkvzDQ,reg
DoFCE00qFvG0xBr3UWpI,reg
ucHtUpXPYXyyiAHjMLKD,reg
yMeSz76Rr9eoJcLNUcyC,reg
yrYjAH12nGQ4Nwmgr23I,reg
d1jMVfIndO3aguyDWGQR,reg
IwtSIMOyuZcrJJ2dSide,reg
lzw45Y4R0gGPtGJGyHmt,reg
GYv2yIEyt3cnKUR2SAOh,reg
ar22SP3dSDsN5foji2zA,reg
RVDXEzosF3WdVqtyBy4q,reg
mbE1EbeFe663nX7WgAek,reg
E8PGGeBqKQAEAtDPGAEZ,reg
5fPAvtKbs9M9BjcYmxU0,reg
k8HzSNRx0Np432Lb94rS,reg
TRGDCtTGdsfMNkeRZTNb,reg
H61weaPqi8wiDayHNFq2,reg
OZxiKlHgf246UrOWZWYB,reg
8AcDHk4eXDDaZAtdlBsu,reg
voHYLnHx6FK3Xr7tdfFk,reg
aSQHqNgAC72qFl41sNLj,reg
7M8VaQJav62AFRVdHM47,reg
AvX9Dhp3jgSThm1Kp5Tk,reg
IOGwmjH1oX4unT6cb6gy,reg
MueU6tcuMKiY4RzoX67n,sup
tKTrELf8YVSKMU6GH0tn,reg
VbKQhZ1CR9KP0NGB3TuK,reg
wbQZ8i5hzcqtRQVJJ8Pu,reg
3WOzLROmRBgFy8GAfJZx,reg
iMajxXV06Xq7yz9G7h9l,reg
LBg0xU9XZnPijXtSAo67,reg
e9aFR2lZ3ISvL3Et5lqe,reg
TKkwOc2pHd9PObQzxHDj,reg
hIGaMq1l6E5FxVGdqjeR,reg
9eUKJ1MDRhFJ0kdt2ikq,reg
dVSqZ84Qjo6hCYy4q7uJ,reg
GcQ63FMUPr6XlGkemQc6,reg
7GGDp2ptnE8SaYuo6GJj,reg
XDOPO1uoLt19UpVvxQMU,reg
xNOsvtwr1OuWH1xc2kyT,reg
hSA5CPhSl1WrEi1L9rPz,reg
jI8rOnEGaJSjTVGKc7CZ,reg
1UyTuCcPk3kU0qlGCyiZ,reg
SOlJarKNHXjmy6ee87gY,reg
EJEY58XUQs9PBiy63T8T,reg
kOdPwuboub15eEeAr6EV,reg
DXeOGqQEgoEt16VOuaOn,reg
WTOZDrMMdj1ghr0X9wTI,reg
cZZsICbaq7ZDO3zEQphr,reg
DRdKYmEBb9KShzP98Vbj,reg
vt916IZuBW8BbCO8LZhg,reg
erqtHioRRdzHzmA4KR1V,reg
zMXD254LotKBsOco4pqG,sup
XYDbVMTONOKHN4AyDdH2,reg
NDBXlVrLD4aP7rNPpSti,reg
guvIeza8tdBEAbV8DHPM,reg
SJHu99VsbeeDwdoCUmOk,reg
zwsDBXQLvSb1N8KuyQmf,reg
2mOtyqwcjao4GA2ABxyL,reg
G1tual51HzZhVh0XGWl1,reg
RsRxUuQovzhFUap8a01P,reg
sakpCgS4Q92eACEHYviZ,reg
ElJecjyODt05LRUAbhAY,reg
EECGDwmWAmWfpKKnYI7O,reg
ppaX3QjBvKNAp0mxDoJJ,reg
ItE5RZJzDMaydeYzryZK,reg
G1HTrSNlmhPaxLSlRHiT,reg
gQ384WTSO49KZ6AEfgIc,reg
s8qlhnuyRiK83fEs6Fzz,reg
n9sECMd8Fty8xtIAQa8N,reg
3yF7oWlrwewt1IlgfOdR,sup
CBjFu6W7QeUIwHec5mC1,reg
V9CWpVTofFjjCUwhRmVJ,reg
MUe7xZKzTix8JJXQ0oPT,reg
UrLHzDA28PhC94FqCbUB,reg
baWpZ45AscEjcjtTL7mF,reg
DkhleOQUYKN0Tj5WLg0n,reg
OFxLhD7SgOmQzJ2vnGcg,reg
zPdJNnMEELaOlKvgj0xS,reg
VEXHf6Q3dSG6vKlcvhzj,reg
UrfwYHx3THtNzJx8VjP3,reg
CPwdHnAnqZuJJEvQdgWC,sup
jiRadWgPKa2i51XlDDgy,reg
ud0ctfBtDVNwiBGUTgWC,reg
phTExIqqB9r4Eh0C3BfQ,reg
mXMCaULEkFF6s1prItB8,reg
nByyDx5ySIqzXH4X85Gh,reg
DstGABeRJzxhN1uNzero,reg
MyHTs9661HDppd5Y8FQp,reg
syaOSO9GuFLWojMPYoT5,reg
giDo1r2zlRWJhaOQtwjO,reg
BsURjsxNbnsKqSU9zMkv,reg
Tbrnn7TyWCgACjYpz4Un,reg
4rY5i0hQ8qKc3mBAnAwT,reg
mk2SvIlb04bQxWg6soYO,reg
iIGNElLR8abMh0X9zuIN,reg
dDr1YyBAyPfLjg9qDv1Y,reg
5a0sZZG2EX1SidVr8pTr,reg
pShsXtwszn45B5D0Sf3a,reg
LQNHJQtUdIVoagPN7NEZ,reg
hyEtTQc8e21e2vNdNbep,reg
BnD3XkfFNuYUPnmbpD0e,reg
IDyqMqIDEs6WKOe8beH0,sup
3bmF9y1F7Ir5jGAix8Sr,reg
QLyEuiyGskZKXWMVQm4M,sup
BNb2YLWi2wc6IfbJqncC,reg
V2ME98SReEaOQ3fhFVst,reg
lWmRKxaFqAUiFJGMoQ5r,reg
gLW9BncdnIaH02q49IcY,reg
3LlGLQjPsYvg4P5YSea5,reg
3v8cpIfuZbk4rsihgtbl,reg
Czd635sdCxOALvFD51Dv,reg
MskJPTzjpASwSGntWf2Y,reg
82Zq2FjvSCEGrSz97ocz,reg
2iVCvt2uDG7ilHZmkqP2,reg
psLDhepHETw4nS6WsOGq,reg
jmSta4zKv7uVTnV75Qym,reg
Z2cuVixkZVYkBzPoBrUB,reg
phlhHVlnES8GrgmolaHr,reg
uYRrxYAfw37dxn953j5B,reg
EbcE4DHfSS5CUo9ctW0n,reg
CRGZ4TavntGH5E9LSBCX,sup
E89vWsrHcs2BX0H9x10k,reg
tyCeYOwensL8gH90k7L8,reg
4CLdS8XZEmJVDlHImT7u,reg
dGOfNI9A5k1ZFIz5TNHq,reg
VS5l6y8k6nRvLQg16gSw,reg
R0BAq19ThveXTuFrNFWR,reg
uFa2AxLMcTcWQza7yFWZ,reg
r8w1FvRydOvSvSWrVsy4,sup
rBptcNpWoELaSQULtoMu,reg
hSH8uwdznJPF9W8CTA2w,reg
QXS83CXvmp6zYnsLAuuG,reg
mBdoKoU3XJ9aSYehlcvO,reg
zQq3VbrGpq27YcQkEJSJ,reg
nlwShoYSDDnjZbcJjNcJ,reg
HySpCCsc6Z24bjQNY5WL,reg
VwS8sYZG8uSO6JdgG6Vg,reg
2NmWZlOEpEqJHjLp7Y8a,reg
2E7Kz0rLkjuxffXaHEf8,reg
vNUhkysUUHxRDi1a5BQ7,reg
fs6yB1ktplPsr5geI779,reg
0c8FwHA6as6GWOBJRG9v,reg
ZxkmcYeqzATKhbYKzU4L,reg
LM4rmItUzAPwedEbj0aj,reg
SA6j8d7euDro6XzatjNQ,reg
DRqr8hSzaMnwXidtehGV,reg
TKO2Alhu9oJQR8IzF5eI,reg
3JAbXWzVHjOfIJvN5nIY,reg
INJiFcjen2bPWcOF8EMm,sup
v8OOr4HHwaTU8MdlBiNe,reg
syj9XP7tS6fLXa3zk0lr,reg
PdFxJ834MDPUw4BmVEah,reg
49bWZY1TC7zcMYq4FzkX,reg
nIVIY5hc7DmG8frmbML7,reg
Omi5XdQydF17Y0ds4gmO,reg
5LOJDfEvGNpqqrFt44Jv,reg
9IlG6nRRZkN1ZsoqsxCM,reg
L57SznizHcVBBCKDUmJZ,reg
IJRlXKkY1NgrJ4qggafY,reg
qcx2RIuXihoDjqT84xfl,reg
djnf7XA2hqEFdcudafsh,reg
sDpNHlYjovuecpifbRww,reg
5rHhraHsUTAqh6sjU2d1,reg
NPROqCQpL70aVN4yK3Gl,reg
s9BvYB9WoYKvSNkimmdv,reg
lZB7oUCVEoF1pfPYk4Wz,reg
6jOSL0IZbcNJOVzNEMr7,reg
ORxtbl98VrlxmOPKvfn3,reg
TFI84Yfm9vGL5aYcTd1J,reg
fmSLXlMJjBkZV4HFV2wM,reg
UTVQBHU3VaGvVYCLcwsS,reg
JnVo7QbHQh6Y5ihwIf5r,reg
9f0qLvOeqUpquuahieMQ,reg
NEzK3RrTXr3H711C5ner,reg
Mi6oc81FIZdzpX92BWed,reg
R6U0YqqdHfgqkWkuCagF,reg
agKk7RbWzbO8PrWqXEW0,reg
cZVnygxySQMUne9ZLNQG,reg
uhvPU1S8LvJnOng0wVJY,reg
f9ZLg4zeFKFULIdbmykj,reg
LGXgT64J11f1BZzL8rQf,reg
wWq9wLHxof075cOrUFE6,reg
QB8PAfaO4sff09nrYHgM,reg
hI7JpYtbCLvNfC1JPRxp,reg
9pA1UhzRyENKrwU6UsUQ,reg
wITjmXHw7b6RJkpNiC7Z,reg
s6A4NFLyuIDqruJuewm6,reg
3HNTHcsl7dZ2TGlwR4g6,reg
jtLHDBCHTQmFdAKk960m,reg
JiceW4usFWgLlywp8mot,reg
izXbHR0eYoPO82zpM9ci,reg
O2guNQVB4wNGMPTGSrcw,reg
w2Xldj8FBCgwduNf8v6b,reg
umV9t8yhNwHqLYO7llmI,reg
Rq5U9Lz0pF3xtvZkt1Ux,reg
j5bxfVlajJwn5pZNQQsa,reg
NDVCwpxotUAkjHRC5xdE,reg
q0TYeykJXmhEFwIw004C,reg
vRyji87MB90B1qMDZPJN,reg
xDJ0JpfeWhke1GvUwHem,reg
7vYEstY8KitU7rruFhbI,reg
iUUcxVQu8JwtOQCVpwQ4,reg
zYr2MIonXqQnDBkZokiz,reg
6odn55NDuvXjojNI5e6O,reg
48JkxisEdAAEeppMKmgs,reg
DUbD4IkewKB8zaHTthIB,reg
o24iqAR0WC7cR2ZkNHie,reg
pZHavLwfRISzLudYZn7k,reg
Sah225y6DfpWaipZUpoA,reg
jELaj4QGeubKzHkFpLnO,reg
YBBFzmOk7XZBObNHep8G,reg
htQqEkZrN07nvsxITRGJ,reg
NcZhGnniHSPaYFta1kv0,reg
FlC8NhEO3IB9CyBNGJCi,reg
D8ziemVuGzthoise1ShM,reg
3lGsczpaOxmDeZmuT7yz,reg
g3iCPU6zUjzgEz6cwB61,reg
fAPx69vDlA8qSfqNFaag,reg
1TInhmYEjNHiKHNZxjW6,reg
Ewp3WFDEQVhQx6UMUAiN,reg
h7VycuOcKZ3HyvbHLnQl,reg
TCiP5bUtVehkyQwEQ3r6,reg
sCZWBUoMXgVeR1I2vHPG,reg
wBUnPDocOasWtOr37ldU,reg
GIuulFDTBC2dpsaxIXkG,reg
TTdDRV6b7DxOANwKa3Hg,reg
aagK9U6xv7nU60Gpn14D,reg
LobHXXnfhsExJHBeznFT,reg
lvf066vjFToJgJanlr3H,sup
s16ztfeT6kdUIE27AFTD,reg
4oaDoopwxTfQsZjfqWCG,reg
DKo8UuT12K5NQnVOaTn3,reg
wzHelT4NEZJDvMIieAxe,reg
6YPhNURQsGtq1mDJAUvv,reg
CgkcsXtTfVc0PkwBM2fY,reg
Whw399jpbWCFJWhoRlWx,reg
GEr3u7E6gNBSrk80PyiD,reg
osEXywDfg2Ur8uPhCthR,reg
KksnW2TeKkjlvUHvX5zU,reg
JhW3ezpIB8sBZJ76QQ2b,reg
zbI7AUMspFhHJsUyyaY2,reg
hihTqB8ELx95P6OtHxLK,reg
mM99Ur7dro2BZKJ27iG8,reg
fRN2BqpepgaxT82ExHgD,reg
BQp04wU2itT03Zya5nw8,reg
Yv4qD6ju8LXCqn16qMJ5,reg
lVf9yb3rd8R5jMUeXTP0,reg
HkOwOZGx4Gv1EDLFikeN,reg
oF9hBAnlrGYSa56Xj8G1,reg
2sNFytLCdDNZk8UnzLGD,reg
6UwmqiWhZgQPMStTzRH0,reg
4As2uFFhNsx8NCsQ8rLm,reg
D9zNFusUAtRHh01EMIkV,reg
sPOsOxzbf57Cpl4JzYRp,reg
6d6gzVA98GwteUHuM56j,reg
Fvbgz7h6itCmDDBRtsYh,reg
icCyxLN7FqcdefZiyNnE,reg
eNmmgaFWeyVEQMQweFZP,sup
lNimfKZ5oeStSpkprBNq,reg
JpB3jN5PqR4JF6EB0WWH,reg
I6zwRZqces67gSGlGpMl,reg
D44hdrnbGBHB5xj2Gpho,reg
ZP9yL6PFVQSvSIC7bUee,reg
0x2cRlqKcXPG9u4HNEXL,reg
Owa2LoPD0gHy7KjtL0db,reg
FCnbdviPzU6P89xbfmi6,reg
AYaTvC0NzU4D8ff4iajT,reg
qEVxqrorFuK0BCpZbUoy,reg
p9lkjNp3qQogD4OUaedm,reg
CbhOliKxxKcRN1aAuOg4,reg
crJ8yNv9k0znhIx2a7Nb,reg
QQA4FUKgerUT0TLEFFgK,reg
Jb9kQgdNiVdjULkvZuw8,reg
SvGbcZdLIcMlcSVZv8wA,reg
h4uUfeR4zbcyISP04L14,reg
3EAX4lkBHl5nRtChoDyT,reg
XcEGK0YT24vUTt758M2g,reg
lVRmBIxJh6aYZvzQzWHu,reg
aKujgqQJqpL8sDRGKSzy,reg
ZpGESuGWWT6NJ22f2NdC,reg
97lEJzdzHXPBSr47uRP0,reg
LmdItKKcaTPAwe0Ym4Od,reg
ia068eboWvrxspWSSUh4,sup
95AMfdzsNouDFNsqrvzt,reg
AvPjrRe5e2ZgzIiYwRuN,reg
iqxjvzeGetsb8uS15L0w,reg
xdOeNeTdzkNmKBziTnrb,reg
qEeo13drNyt3nRfMg2e5,reg
9LHZO7LhTTmXrXAYaqib,reg
GnIkhUTiEz3PJhhRXVA2,reg
7EgEKG895i1JwQV7Vbeq,reg
EgcARy4I4dqxRFy1uljh,reg
Z0GzxSwCT4IquCK3XqV3,reg
lmOB2epGIi7dQzHMk5wi,reg
XMSgrGGYvUNWhsAfKKpC,reg
O7ndcqegoMSygT2qmWvr,reg
1ju0WKtcjrT3fG7iuXNd,reg
MbyIbNiCdxnuVxUZpfbH,reg
jfLXVwgdGVIQFSfhg7Ml,reg
YILV2dj89tBcFUlQazxE,reg
nmy4BvIJvHgW6RKgnx5i,reg
jOtySWDeJ7rf9lxtAQzX,sup
REcum50sJgQSYvBMQXwc,reg
FVr9Qh8yXv6UmFFciuDC,sup
Je7hQucSMLQWqrCCwqTD,reg
LGc1FR04HUEsBPr46ymO,reg
IwHPhGIaRaumHHyGDjS0,reg
hmUKEUxhdCzEzo2q7PpI,reg
kf4aCVgEELoUEYO0Sl6k,reg
rC8vlv2BY9Kml9ASUSKt,reg
AdHVDX69oRK1VBVAabUp,reg
0ujqnyqatcmUxQsF8JEN,reg
ym15ZZj8Df0uNAuodXn8,reg
h4VGMf94mmMvjWkSLlT1,reg
EpT8wUm7N72Q3B7GqQ3y,reg
W3JJ4fjgoIwsH1M4dtFL,reg
3kFgrHerUTRPCEMhprpx,reg
kx22ur9KaLMALeSaRB69,reg
Nhfi0ZY8Ti7wJnO4nIYo,reg
7kBNYz1fA3ZWj9YyIeJx,reg
wUFqN9bUAEkgPgUV5sqO,reg
EYes0m9gbHy8dAVWKqZb,reg
l6LC2lOByjGR6Wz3wwPb,reg
d89URw7prNWQ2tYiyNE6,reg
N3pVQkFsCPz78UPFfUws,reg
UemMp9G7JW85v2e3Dgbl,reg
QkP1503G1oAEIoPcmYmF,reg
A4b1mpsMcrAeuvFB9ZEM,reg
FqMdeNMqacNOMwDGxovJ,reg
84To5AWD2plsNvs3Gk8x,reg
NsnSnPBoVOM0FBnTLBUg,reg
T2FNwzOqddN8WzVDLvpV,reg
c1osEz7Jb0wJHmy3939A,sup
vLkorVi3IZlx8FtOGyt2,reg
01rMoC5SjLTR63mgKMM1,reg
w8EG0W8jl0IbL9HsENCg,reg
30F4d4EcTkkPxFbHeBiN,reg
xavU07zUHLnnBbuQzkCh,sup
2YA4KcXYzGRjkRBd5PL9,reg
EmgLJFACQbGPoyAjlzvD,reg
6fGC9DJqZxA4MXTQX8Sd,reg
iSOtiaQefPUCVhrLoAbH,reg
VwvZLU4OilnAvOArxYc7,reg
K8U8pBMuys6ldJBu2EyF,reg
gwfb91tqDWXbpOi8L2tf,reg
T8uRDr68JjJ4BQT3iIty,reg
SBm8jd39CUAJxlDEl20U,reg
SmNqE40fAraVNqTIAae2,reg
DM3HuWzUZsStHmQX3v8r,reg
XNnSYvWVz1rYeszmhtm8,reg
5kBpH2UTtr75Xzs39dgy,reg
xKz9EH0PD8qKgN4MVZhX,reg
j0nw3vkMwyvjJk5uLKTs,reg
U81JmleEsirq3OnzgZdl,reg
54siyd3BYjsh1mVk7R0Z,reg
CtPuhMjKdihqEsXucpww,reg
nabsPHGZpvr6SgYzV2am,reg
mCN7iUcxW0yZqmQaO7U8,reg
CKbheN9Pot7GaZpfPYe5,reg
owKFrmgUPKqhfzfMm5ml,reg
OnWF9xAaNJRvOuX00KEc,reg
ygxBN9910T1HBGPCCIt2,reg
QJAVFnxIfKtUQDRfIcd9,reg
p7jxXch3zyEvD9B92JRQ,reg
gxLCq0J0kllMVqQr7XUA,reg
kiTl14IWGtRXdVVJmZgD,reg
6rPerw3fPtggey7LPj6X,reg
NHXjhF1eF9JpU0wnqdA1,reg
D56h2FihTO5mWdBfeZSr,reg
UYgbSZENcr8eALZnVDRj,reg
ZDYUvh7i71S87XwXaHCP,reg
q3VsAGR3M7NcSy306kkB,reg
i19KaWNFkrgchXO6nMfE,reg
gYlhCVSj5pa1VFbFdicj,reg
N6wowD1y5KF7dmrevwH4,reg
JhjRVdX1Oxzjk67UYl2g,reg
G2WGBZc9GyTIFNdsysZC,sup
54TEF4eZN23KZglG8kHT,reg
EJNTJ8WGX0f5L9UVArB2,reg
yL2xNKGqpeaOzg95CDUB,reg
iLOYyP3LAbGlAbknYObM,reg
fjBANeVCQ9ucabPbYbtU,reg
2djLXKQxVrpFT6EMBVel,reg
JzjuxZEOQpY7NEkXkSE4,reg
RIcuhrLt8BIs1le0DQl9,reg
okwvnmmp0HLMbZU5kk4e,reg
t46xHr4YxXBc3lF6k7Ha,reg
yCFzI13alY9bgWghL5px,reg
CH36jWmiCQ7ucsPPI63E,reg
YORDk6DFygvOTEfH2xnP,reg
6ai9fIKVjoeI2vz5lgF5,reg
t5A5Xt0O2cNaix6PqjYT,reg
XjY03SGFqyp7HmUABJbW,reg
nDejJ2gTwPGj389BaBsD,reg
cEus0bkT55lQZjQ0kWT5,reg
BdgTQ1C8QkSCuLiWUM6G,reg
H8Ae5XiC8bzVLOueoI1d,reg
w1mlcyU3jmDPqAIXSuV2,reg
M59MdNRXho8WUXBlQwi3,reg
Rmo304xSZma4dcdYKeBh,reg
gTDpo1eCrA9Odz19aLmT,reg
BxdFCeWLf8nCNjrDcwKt,reg
EBrkSBiy1PKvIf2SZ558,reg
ySoH0vvW74RKfwvyBl6I,reg
UTbnbzpfIOZKctb8UqP1,reg
ekoZy3uUi9SF8dBZvV7y,reg
CFx2CdZ1bSxA6JPb6SA6,reg
muijl8y9nn0y7pk57na4,reg
hmmN8bnXvAkt9IUI7YH1,reg
xVa4sxiVQcwRAFeHBw6Q,reg
Llp7QT0WZn6H3JgzqQ4l,reg
MBElaB3zHylUMsLJ1cmS,reg
ZcTx9ee6nFJHzT0GdDGB,reg
CtxaA7whhGveyJhS5DQe,reg
AhirSY1w8dBzmuo2t48W,reg
01hf1lkFq3KK8GJzeVP3,reg
RveeQdZHVYmtzRhFqxdE,reg
6v18BeQgWroEDxEwJQmh,reg
L8IHrPObgmoQJmMQBaxx,reg
k9MmGT1uWvO13aGxHsEY,reg
y4L8eyXphA8WyPrebRnl,reg
1wKWKuWmqqmvNAmw1RqQ,reg
tMR3y87RWvjTV5kdfi2h,sup
iWkqE8VcvCk5Sr80QPjo,reg
az533Se9msJWRtlthzno,reg
B5WG1QJDTZpBmQeLAwN1,reg
a9UfFVdmDwuDtjMJKnI3,reg
O8TxrOschiC584hN7X25,reg
e8cXE9s9upZtFqszDShQ,reg
c4Vl8k5Mz917NgkI3qRH,reg
yN6gTDSObped8SBRQTX4,reg
JwtAapnTB0iT2CwsIkL0,reg
950AzNMugIUFBNRmlDCF,reg
Aqp9HI94q4KffiYZI489,reg
bXDeTn1VxCOIdVA5SdAb,reg
bRtADGpq7hsZ7dqIDhah,reg
mgH3X8YHuyVo5NqXdSaj,reg
xSvzfB9wIjnw2QuEb9Ba,reg
0jItnXZmM7fT8qEf0nCk,reg
d5e2sIFpDIyXNBSWUNl5,reg
D6kyrtKaXKnHqAs0NTsC,reg
FbszVu1NkNjugVYIkYSq,reg
3hT6jBPVahtgMDOshUCe,reg
Rw1m2pue8CmVp1Gbe9Aj,reg
WzzJODFVjyoUDFWUSCXt,reg
